"game_id","season","game_type","week","gameday","weekday","gametime","away_team","away_score","home_team","home_score","location","result","total","overtime","old_game_id","gsis","nfl_detail_id","pfr","pff","espn","ftn","away_rest","home_rest","away_moneyline","home_moneyline","spread_line","away_spread_odds","home_spread_odds","total_line","under_odds","over_odds","div_game","roof","surface","temp","wind","away_qb_id","home_qb_id","away_qb_name","home_qb_name","away_coach","home_coach","referee","stadium_id","stadium"
"2023_01_DET_KC",2023,"REG",1,"2023-09-07","Thursday","20:20","DET",21,"KC",20,"Home",-1,41,0,"2023090700",59173,NA,"202309070kan",NA,"401547353",NA,7,7,164,-198,4,-110,-110,53,-110,-110,0,"outdoors","",NA,NA,"00-0033106","00-0033873","Jared Goff","Patrick Mahomes","Dan Campbell","Andy Reid","John Hussey","KAN00","GEHA Field at Arrowhead Stadium"
"2023_01_CAR_ATL",2023,"REG",1,"2023-09-10","Sunday","13:00","CAR",10,"ATL",24,"Home",14,34,0,"2023091000",59174,NA,"202309100atl",NA,"401547403",NA,7,7,160,-192,3.5,-108,-112,40.5,-110,-110,1,"closed","",NA,NA,"00-0039150","00-0038122","Bryce Young","Desmond Ridder","Frank Reich","Arthur Smith","Brad Rogers","ATL97","Mercedes-Benz Stadium"
"2023_01_HOU_BAL",2023,"REG",1,"2023-09-10","Sunday","13:00","HOU",9,"BAL",25,"Home",16,34,0,"2023091001",59175,NA,"202309100rav",NA,"401547396",NA,7,7,380,-500,9.5,-110,-110,43.5,-110,-110,0,"outdoors","",NA,NA,"00-0039163","00-0034796","C.J. Stroud","Lamar Jackson","DeMeco Ryans","John Harbaugh","Tra Blake","BAL00","M&T Bank Stadium"
"2023_01_CIN_CLE",2023,"REG",1,"2023-09-10","Sunday","13:00","CIN",3,"CLE",24,"Home",21,27,0,"2023091002",59176,NA,"202309100cle",NA,"401547397",NA,7,7,-112,-108,-1,-105,-115,46.5,-110,-110,1,"outdoors","",NA,NA,"00-0036442","00-0033537","Joe Burrow","Deshaun Watson","Zac Taylor","Kevin Stefanski","Clete Blakeman","CLE00","FirstEnergy Stadium"
"2023_01_JAX_IND",2023,"REG",1,"2023-09-10","Sunday","13:00","JAX",31,"IND",21,"Home",-10,52,0,"2023091003",59177,NA,"202309100clt",NA,"401547404",NA,7,7,-205,170,-4,-108,-112,45.5,-110,-110,1,"closed","",NA,NA,"00-0036971","00-0039164","Trevor Lawrence","Anthony Richardson","Doug Pederson","Shane Steichen","Clay Martin","IND00","Lucas Oil Stadium"
"2023_01_TB_MIN",2023,"REG",1,"2023-09-10","Sunday","13:00","TB",20,"MIN",17,"Home",-3,37,0,"2023091004",59178,NA,"202309100min",NA,"401547398",NA,7,7,170,-205,4,-110,-110,45,-110,-110,0,"dome","",NA,NA,"00-0034855","00-0029604","Baker Mayfield","Kirk Cousins","Todd Bowles","Kevin O'Connell","Scott Novak","MIN01","U.S. Bank Stadium"
"2023_01_TEN_NO",2023,"REG",1,"2023-09-10","Sunday","13:00","TEN",15,"NO",16,"Home",1,31,0,"2023091005",59179,NA,"202309100nor",NA,"401547399",NA,7,7,124,-148,3,-118,-102,41,-110,-110,0,"dome","",NA,NA,"00-0029701","00-0031280","Ryan Tannehill","Derek Carr","Mike Vrabel","Dennis Allen","Ron Torbert","NOR00","Mercedes-Benz Superdome"
"2023_01_SF_PIT",2023,"REG",1,"2023-09-10","Sunday","13:00","SF",30,"PIT",7,"Home",-23,37,0,"2023091006",59180,NA,"202309100pit",NA,"401547405",NA,7,7,-120,100,-1.5,-108,-112,41.5,-110,-110,0,"outdoors","",NA,NA,"00-0037834","00-0038102","Brock Purdy","Kenny Pickett","Kyle Shanahan","Mike Tomlin","Alex Kemp","PIT00","Acrisure Stadium"
"2023_01_ARI_WAS",2023,"REG",1,"2023-09-10","Sunday","13:00","ARI",16,"WAS",20,"Home",4,36,0,"2023091007",59181,NA,"202309100was",NA,"401547406",NA,7,7,270,-340,7,-108,-112,38,-110,-110,0,"outdoors","",NA,NA,"00-0033949","00-0037077","Joshua Dobbs","Sam Howell","Jonathan Gannon","Ron Rivera","Alan Eck","WAS00","FedExField"
"2023_01_GB_CHI",2023,"REG",1,"2023-09-10","Sunday","16:25","GB",38,"CHI",20,"Home",-18,58,0,"2023091008",59182,NA,"202309100chi",NA,"401547407",NA,7,7,-102,-118,1,-110,-110,41,-112,-108,1,"outdoors","",NA,NA,"00-0036264","00-0036945","Jordan Love","Justin Fields","Matt LaFleur","Matt Eberflus","Craig Wrolstad","CHI98","Soldier Field"
"2023_01_LV_DEN",2023,"REG",1,"2023-09-10","Sunday","16:25","LV",17,"DEN",16,"Home",-1,33,0,"2023091009",59183,NA,"202309100den",NA,"401547400",NA,7,7,136,-162,3,-105,-115,43,-110,-110,1,"outdoors","",NA,NA,"00-0031345","00-0029263","Jimmy Garoppolo","Russell Wilson","Josh McDaniels","Sean Payton","Bill Vinovich","DEN00","Empower Field at Mile High"
"2023_01_MIA_LAC",2023,"REG",1,"2023-09-10","Sunday","16:25","MIA",36,"LAC",34,"Home",-2,70,0,"2023091010",59184,NA,"202309100sdg",NA,"401547401",NA,7,7,136,-162,3,-110,-110,50.5,-110,-110,0,"dome","",NA,NA,"00-0036212","00-0036355","Tua Tagovailoa","Justin Herbert","Mike McDaniel","Brandon Staley","Brad Allen","LAX01","SoFi Stadium"
"2023_01_PHI_NE",2023,"REG",1,"2023-09-10","Sunday","16:25","PHI",25,"NE",20,"Home",-5,45,0,"2023091011",59185,NA,"202309100nwe",NA,"401547402",NA,7,7,-185,154,-3.5,-110,-110,44.5,-112,-108,0,"outdoors","",NA,NA,"00-0036389","00-0036972","Jalen Hurts","Mac Jones","Nick Sirianni","Bill Belichick","Shawn Hochuli","BOS00","Gillette Stadium"
"2023_01_LA_SEA",2023,"REG",1,"2023-09-10","Sunday","16:25","LA",30,"SEA",13,"Home",-17,43,0,"2023091012",59186,NA,"202309100sea",NA,"401547408",NA,7,7,180,-218,4.5,-110,-110,45,-110,-110,1,"outdoors","",NA,NA,"00-0026498","00-0030565","Matthew Stafford","Geno Smith","Sean McVay","Pete Carroll","Shawn Smith","SEA00","Lumen Field"
"2023_01_DAL_NYG",2023,"REG",1,"2023-09-10","Sunday","20:20","DAL",40,"NYG",0,"Home",-40,40,0,"2023091013",59187,NA,"202309100nyg",NA,"401547409",NA,7,7,-170,142,-3.5,100,-120,44.5,-110,-110,1,"outdoors","",NA,NA,"00-0033077","00-0035710","Dak Prescott","Daniel Jones","Mike McCarthy","Brian Daboll","Adrian Hill","NYC01","MetLife Stadium"
"2023_01_BUF_NYJ",2023,"REG",1,"2023-09-11","Monday","20:15","BUF",16,"NYJ",22,"Home",6,38,1,"2023091100",59188,NA,"202309110nyj",NA,"401547352",NA,7,7,-135,114,-2.5,-110,-110,44.5,-110,-110,1,"outdoors","",NA,NA,"00-0034857","00-0023459","Josh Allen","Aaron Rodgers","Sean McDermott","Robert Saleh","Carl Cheffers","NYC01","MetLife Stadium"
"2023_02_MIN_PHI",2023,"REG",2,"2023-09-14","Thursday","20:15","MIN",28,"PHI",34,"Home",6,62,0,"2023091400",59189,NA,"202309140phi",NA,"401547410",NA,4,4,195,-238,6,-110,-110,49,-110,-110,0,"outdoors","",NA,NA,"00-0029604","00-0036389","Kirk Cousins","Jalen Hurts","Kevin O'Connell","Nick Sirianni","Clay Martin","PHI00","Lincoln Financial Field"
"2023_02_GB_ATL",2023,"REG",2,"2023-09-17","Sunday","13:00","GB",24,"ATL",25,"Home",1,49,0,"2023091700",59190,NA,"202309170atl",NA,"401547417",NA,7,7,124,-148,3,-115,-105,40.5,-110,-110,0,"open","",NA,NA,"00-0036264","00-0038122","Jordan Love","Desmond Ridder","Matt LaFleur","Arthur Smith","Tra Blake","ATL97","Mercedes-Benz Stadium"
"2023_02_LV_BUF",2023,"REG",2,"2023-09-17","Sunday","13:00","LV",10,"BUF",38,"Home",28,48,0,"2023091701",59191,NA,"202309170buf",NA,"401547411",NA,7,6,280,-355,7.5,-110,-110,47,-110,-110,0,"outdoors","",NA,NA,"00-0031345","00-0034857","Jimmy Garoppolo","Josh Allen","Josh McDaniels","Sean McDermott","Craig Wrolstad","BUF00","New Era Field"
"2023_02_BAL_CIN",2023,"REG",2,"2023-09-17","Sunday","13:00","BAL",27,"CIN",24,"Home",-3,51,0,"2023091702",59192,NA,"202309170cin",NA,"401547412",NA,7,7,145,-175,3.5,-118,-102,45.5,-110,-110,1,"outdoors","",NA,NA,"00-0034796","00-0036442","Lamar Jackson","Joe Burrow","John Harbaugh","Zac Taylor","Shawn Hochuli","CIN00","Paycor Stadium"
"2023_02_SEA_DET",2023,"REG",2,"2023-09-17","Sunday","13:00","SEA",37,"DET",31,"Home",-6,68,1,"2023091703",59193,NA,"202309170det",NA,"401547418",NA,7,10,180,-218,4.5,-110,-110,47.5,-108,-112,0,"dome","",NA,NA,"00-0030565","00-0033106","Geno Smith","Jared Goff","Pete Carroll","Dan Campbell","Alex Kemp","DET00","Ford Field"
"2023_02_IND_HOU",2023,"REG",2,"2023-09-17","Sunday","13:00","IND",31,"HOU",20,"Home",-11,51,0,"2023091704",59194,NA,"202309170htx",NA,"401547419",NA,7,7,-110,-110,-1,-105,-115,40,-110,-110,1,"open","",NA,NA,"00-0039164","00-0039163","Anthony Richardson","C.J. Stroud","Shane Steichen","DeMeco Ryans","Carl Cheffers","HOU00","NRG Stadium"
"2023_02_KC_JAX",2023,"REG",2,"2023-09-17","Sunday","13:00","KC",17,"JAX",9,"Home",-8,26,0,"2023091705",59195,NA,"202309170jax",NA,"401547413",NA,10,7,-170,142,-3.5,-102,-118,50.5,-110,-110,0,"outdoors","",NA,NA,"00-0033873","00-0036971","Patrick Mahomes","Trevor Lawrence","Andy Reid","Doug Pederson","Adrian Hill","JAX00","TIAA Bank Stadium"
"2023_02_CHI_TB",2023,"REG",2,"2023-09-17","Sunday","13:00","CHI",17,"TB",27,"Home",10,44,0,"2023091706",59196,NA,"202309170tam",NA,"401547420",NA,7,7,114,-135,2.5,-110,-110,41,-110,-110,0,"outdoors","",NA,NA,"00-0036945","00-0034855","Justin Fields","Baker Mayfield","Matt Eberflus","Todd Bowles","Bill Vinovich","TAM00","Raymond James Stadium"
"2023_02_LAC_TEN",2023,"REG",2,"2023-09-17","Sunday","13:00","LAC",24,"TEN",27,"Home",3,51,1,"2023091707",59197,NA,"202309170oti",NA,"401547414",NA,7,7,-142,120,-2.5,-118,-102,45.5,-110,-110,0,"outdoors","",NA,NA,"00-0036355","00-0029701","Justin Herbert","Ryan Tannehill","Brandon Staley","Mike Vrabel","Alan Eck","NAS00","Nissan Stadium"
"2023_02_NYG_ARI",2023,"REG",2,"2023-09-17","Sunday","16:05","NYG",31,"ARI",28,"Home",-3,59,0,"2023091708",59198,NA,"202309170crd",NA,"401547421",NA,7,7,-225,185,-5,-110,-110,40,-110,-110,0,"closed","",NA,NA,"00-0035710","00-0033949","Daniel Jones","Joshua Dobbs","Brian Daboll","Jonathan Gannon","Land Clark","PHO00","State Farm Stadium"
"2023_02_SF_LA",2023,"REG",2,"2023-09-17","Sunday","16:05","SF",30,"LA",23,"Home",-7,53,0,"2023091709",59199,NA,"202309170ram",NA,"401547422",NA,7,7,-340,270,-7.5,-105,-115,45,-110,-110,1,"dome","",NA,NA,"00-0037834","00-0026498","Brock Purdy","Matthew Stafford","Kyle Shanahan","Sean McVay","Brad Allen","LAX01","SoFi Stadium"
"2023_02_NYJ_DAL",2023,"REG",2,"2023-09-17","Sunday","16:25","NYJ",10,"DAL",30,"Home",20,40,0,"2023091710",59200,NA,"202309170dal",NA,"401547415",NA,6,7,300,-380,8.5,-110,-110,38.5,-110,-110,0,"open","",NA,NA,"00-0037013","00-0033077","Zach Wilson","Dak Prescott","Robert Saleh","Mike McCarthy","Clete Blakeman","DAL00","AT&T Stadium"
"2023_02_WAS_DEN",2023,"REG",2,"2023-09-17","Sunday","16:25","WAS",35,"DEN",33,"Home",-2,68,0,"2023091711",59201,NA,"202309170den",NA,"401547416",NA,7,7,164,-198,4,-110,-110,38.5,-110,-110,0,"outdoors","",NA,NA,"00-0037077","00-0029263","Sam Howell","Russell Wilson","Ron Rivera","Sean Payton","Brad Rogers","DEN00","Empower Field at Mile High"
"2023_02_MIA_NE",2023,"REG",2,"2023-09-17","Sunday","20:20","MIA",24,"NE",17,"Home",-7,41,0,"2023091712",59202,NA,"202309170nwe",NA,"401547423",NA,7,7,-130,110,-2,-112,-108,46.5,-112,-108,1,"outdoors","",NA,NA,"00-0036212","00-0036972","Tua Tagovailoa","Mac Jones","Mike McDaniel","Bill Belichick","Shawn Smith","BOS00","Gillette Stadium"
"2023_02_NO_CAR",2023,"REG",2,"2023-09-18","Monday","19:15","NO",20,"CAR",17,"Home",-3,37,0,"2023091800",59203,NA,"202309180car",NA,"401547425",NA,8,8,-175,145,-3,-118,-102,39.5,-108,-112,1,"outdoors","",NA,NA,"00-0031280","00-0039150","Derek Carr","Bryce Young","Dennis Allen","Frank Reich","Scott Novak","CAR00","Bank of America Stadium"
"2023_02_CLE_PIT",2023,"REG",2,"2023-09-18","Monday","20:15","CLE",22,"PIT",26,"Home",4,48,0,"2023091801",59204,NA,"202309180pit",NA,"401547424",NA,8,8,-148,124,-2.5,-115,-105,39,-110,-110,1,"outdoors","",NA,NA,"00-0033537","00-0038102","Deshaun Watson","Kenny Pickett","Kevin Stefanski","Mike Tomlin","Ron Torbert","PIT00","Acrisure Stadium"
"2023_03_NYG_SF",2023,"REG",3,"2023-09-21","Thursday","20:15","NYG",12,"SF",30,"Home",18,42,0,"2023092100",59205,NA,"202309210sfo",NA,"401547426",NA,4,4,400,-535,10.5,-105,-115,43.5,-108,-112,0,"outdoors","grass",77,13,"00-0035710","00-0037834","Daniel Jones","Brock Purdy","Brian Daboll","Kyle Shanahan","Shawn Hochuli","SFO01","Levi's Stadium"
"2023_03_IND_BAL",2023,"REG",3,"2023-09-24","Sunday","13:00","IND",22,"BAL",19,"Home",-3,41,1,"2023092400",59206,NA,"202309240rav",NA,"401547427",NA,7,7,300,-380,7.5,-110,-110,43.5,-110,-110,0,"outdoors","grass",68,3,"00-0035289","00-0034796","Gardner Minshew","Lamar Jackson","Shane Steichen","John Harbaugh","Clete Blakeman","BAL00","M&T Bank Stadium"
"2023_03_TEN_CLE",2023,"REG",3,"2023-09-24","Sunday","13:00","TEN",3,"CLE",27,"Home",24,30,0,"2023092401",59207,NA,"202309240cle",NA,"401547428",NA,7,6,154,-185,3.5,-110,-110,38,-110,-110,0,"outdoors","grass",68,5,"00-0029701","00-0033537","Ryan Tannehill","Deshaun Watson","Mike Vrabel","Kevin Stefanski","Craig Wrolstad","CLE00","FirstEnergy Stadium"
"2023_03_ATL_DET",2023,"REG",3,"2023-09-24","Sunday","13:00","ATL",6,"DET",20,"Home",14,26,0,"2023092402",59208,NA,"202309240det",NA,"401547433",NA,7,7,140,-166,3,100,-120,47.5,-108,-112,0,"dome","fieldturf",NA,NA,"00-0038122","00-0033106","Desmond Ridder","Jared Goff","Arthur Smith","Dan Campbell","Carl Cheffers","DET00","Ford Field"
"2023_03_NO_GB",2023,"REG",3,"2023-09-24","Sunday","13:00","NO",17,"GB",18,"Home",1,35,0,"2023092403",59209,NA,"202309240gnb",NA,"401547434",NA,6,7,-125,105,-1.5,-110,-110,41.5,-110,-110,0,"outdoors","grass",68,10,"00-0031280","00-0036264","Derek Carr","Jordan Love","Dennis Allen","Matt LaFleur","Brad Rogers","GNB00","Lambeau Field"
"2023_03_HOU_JAX",2023,"REG",3,"2023-09-24","Sunday","13:00","HOU",37,"JAX",17,"Home",-20,54,0,"2023092404",59210,NA,"202309240jax",NA,"401547435",NA,7,7,300,-380,7.5,-110,-110,43.5,-110,-110,1,"outdoors","grass",84,6,"00-0039163","00-0036971","C.J. Stroud","Trevor Lawrence","DeMeco Ryans","Doug Pederson","Scott Novak","JAX00","TIAA Bank Stadium"
"2023_03_DEN_MIA",2023,"REG",3,"2023-09-24","Sunday","13:00","DEN",20,"MIA",70,"Home",50,90,0,"2023092405",59211,NA,"202309240mia",NA,"401547429",NA,7,7,205,-250,6,-110,-110,47.5,-110,-110,0,"outdoors","grass",86,5,"00-0029263","00-0036212","Russell Wilson","Tua Tagovailoa","Sean Payton","Mike McDaniel","Clay Martin","MIA00","Hard Rock Stadium"
"2023_03_LAC_MIN",2023,"REG",3,"2023-09-24","Sunday","13:00","LAC",28,"MIN",24,"Home",-4,52,0,"2023092406",59212,NA,"202309240min",NA,"401547436",NA,7,10,-110,-110,1,-115,-105,54,-110,-110,0,"dome","sportturf",NA,NA,"00-0036355","00-0029604","Justin Herbert","Kirk Cousins","Brandon Staley","Kevin O'Connell","Shawn Smith","MIN01","U.S. Bank Stadium"
"2023_03_NE_NYJ",2023,"REG",3,"2023-09-24","Sunday","13:00","NE",15,"NYJ",10,"Home",-5,25,0,"2023092407",59213,NA,"202309240nyj",NA,"401547430",NA,7,7,-142,120,-2.5,-112,-108,35.5,-110,-110,1,"outdoors","fieldturf",64,14,"00-0036972","00-0037013","Mac Jones","Zach Wilson","Bill Belichick","Robert Saleh","Bill Vinovich","NYC01","MetLife Stadium"
"2023_03_BUF_WAS",2023,"REG",3,"2023-09-24","Sunday","13:00","BUF",37,"WAS",3,"Home",-34,40,0,"2023092408",59214,NA,"202309240was",NA,"401547431",NA,7,7,-245,200,-5.5,-115,-105,44,-108,-112,0,"outdoors","grass",65,1,"00-0034857","00-0037077","Josh Allen","Sam Howell","Sean McDermott","Ron Rivera","Land Clark","WAS00","FedExField"
"2023_03_CAR_SEA",2023,"REG",3,"2023-09-24","Sunday","16:05","CAR",27,"SEA",37,"Home",10,64,0,"2023092409",59215,NA,"202309240sea",NA,"401547432",NA,6,7,185,-225,5,-110,-110,42.5,-110,-110,0,"outdoors","fieldturf",61,2,"00-0027973","00-0030565","Andy Dalton","Geno Smith","Frank Reich","Pete Carroll","Ron Torbert","SEA00","Lumen Field"
"2023_03_DAL_ARI",2023,"REG",3,"2023-09-24","Sunday","16:25","DAL",16,"ARI",28,"Home",12,44,0,"2023092410",59216,NA,"202309240crd",NA,"401547437",NA,7,7,-650,470,-11.5,-110,-110,43.5,-110,-110,0,"open","grass",NA,NA,"00-0033077","00-0033949","Dak Prescott","Joshua Dobbs","Mike McCarthy","Jonathan Gannon","Alex Kemp","PHO00","State Farm Stadium"
"2023_03_CHI_KC",2023,"REG",3,"2023-09-24","Sunday","16:25","CHI",10,"KC",41,"Home",31,51,0,"2023092411",59217,NA,"202309240kan",NA,"401547438",NA,7,7,525,-750,13,-110,-110,48,-110,-110,0,"outdoors","grass",NA,NA,"00-0036945","00-0033873","Justin Fields","Patrick Mahomes","Matt Eberflus","Andy Reid","Alan Eck","KAN00","GEHA Field at Arrowhead Stadium"
"2023_03_PIT_LV",2023,"REG",3,"2023-09-24","Sunday","20:20","PIT",23,"LV",18,"Home",-5,41,0,"2023092412",59218,NA,"202309240rai",NA,"401547439",NA,6,7,124,-148,3,-110,-110,43.5,-110,-110,0,"dome","grass",NA,NA,"00-0038102","00-0031345","Kenny Pickett","Jimmy Garoppolo","Mike Tomlin","Josh McDaniels","Tra Blake","VEG00","Allegiant Stadium"
"2023_03_PHI_TB",2023,"REG",3,"2023-09-25","Monday","19:15","PHI",25,"TB",11,"Home",-14,36,0,"2023092500",59219,NA,"202309250tam",NA,"401547440",NA,11,8,-258,210,-6,-110,-110,44,-108,-112,0,"outdoors","grass",90,4,"00-0036389","00-0034855","Jalen Hurts","Baker Mayfield","Nick Sirianni","Todd Bowles","Adrian Hill","TAM00","Raymond James Stadium"
"2023_03_LA_CIN",2023,"REG",3,"2023-09-25","Monday","20:15","LA",16,"CIN",19,"Home",3,35,0,"2023092501",59220,NA,"202309250cin",NA,"401547441",NA,8,8,136,-162,3,100,-120,45.5,-108,-112,0,"outdoors","fieldturf",74,7,"00-0026498","00-0036442","Matthew Stafford","Joe Burrow","Sean McVay","Zac Taylor","John Hussey","CIN00","Paycor Stadium"
"2023_04_DET_GB",2023,"REG",4,"2023-09-28","Thursday","20:15","DET",34,"GB",20,"Home",-14,54,0,"2023092800",59221,NA,"202309280gnb",NA,"401547442",NA,4,4,-142,120,-2.5,-118,-102,45,-110,-110,1,"outdoors","grass",64,8,"00-0033106","00-0036264","Jared Goff","Jordan Love","Dan Campbell","Matt LaFleur","Alan Eck","GNB00","Lambeau Field"
"2023_04_ATL_JAX",2023,"REG",4,"2023-10-01","Sunday","09:30","ATL",7,"JAX",23,"Neutral",16,30,0,"2023100100",59222,NA,"202310010jax",NA,"401547227",NA,7,7,154,-185,3.5,-110,-110,42.5,-112,-108,0,"outdoors","",NA,NA,"00-0038122","00-0036971","Desmond Ridder","Trevor Lawrence","Arthur Smith","Doug Pederson","Craig Wrolstad","LON00","Wembley Stadium"
"2023_04_MIA_BUF",2023,"REG",4,"2023-10-01","Sunday","13:00","MIA",20,"BUF",48,"Home",28,68,0,"2023100101",59223,NA,"202310010buf",NA,"401547443",NA,7,7,120,-142,2.5,100,-120,53,-110,-110,1,"outdoors","a_turf",70,2,"00-0036212","00-0034857","Tua Tagovailoa","Josh Allen","Mike McDaniel","Sean McDermott","Adrian Hill","BUF00","New Era Field"
"2023_04_MIN_CAR",2023,"REG",4,"2023-10-01","Sunday","13:00","MIN",21,"CAR",13,"Home",-8,34,0,"2023100102",59224,NA,"202310010car",NA,"401547448",NA,7,7,-225,185,-4.5,-112,-108,46.5,-110,-110,0,"outdoors","grass",78,7,"00-0029604","00-0039150","Kirk Cousins","Bryce Young","Kevin O'Connell","Frank Reich","Tra Blake","CAR00","Bank of America Stadium"
"2023_04_DEN_CHI",2023,"REG",4,"2023-10-01","Sunday","13:00","DEN",31,"CHI",28,"Home",-3,59,0,"2023100103",59225,NA,"202310010chi",NA,"401547444",NA,7,7,-162,136,-3,-112,-108,47,-110,-110,0,"outdoors","grass",80,2,"00-0029263","00-0036945","Russell Wilson","Justin Fields","Sean Payton","Matt Eberflus","Carl Cheffers","CHI98","Soldier Field"
"2023_04_BAL_CLE",2023,"REG",4,"2023-10-01","Sunday","13:00","BAL",28,"CLE",3,"Home",-25,31,0,"2023100104",59226,NA,"202310010cle",NA,"401547445",NA,7,7,-135,114,-2,-110,-110,38.5,-110,-110,1,"outdoors","grass",71,7,"00-0034796","00-0038583","Lamar Jackson","Dorian Thompson-Robinson","John Harbaugh","Kevin Stefanski","Brad Allen","CLE00","FirstEnergy Stadium"
"2023_04_PIT_HOU",2023,"REG",4,"2023-10-01","Sunday","13:00","PIT",6,"HOU",30,"Home",24,36,0,"2023100105",59227,NA,"202310010htx",NA,"401547446",NA,7,7,-162,136,-3,-110,-110,41.5,-110,-110,0,"open","astroturf",NA,NA,"00-0038102","00-0039163","Kenny Pickett","C.J. Stroud","Mike Tomlin","DeMeco Ryans","Bill Vinovich","HOU00","NRG Stadium"
"2023_04_LA_IND",2023,"REG",4,"2023-10-01","Sunday","13:00","LA",29,"IND",23,"Home",-6,52,1,"2023100106",59228,NA,"202310010clt",NA,"401547449",NA,6,7,-115,-105,-1,-110,-110,44.5,-110,-110,0,"open","fieldturf",NA,NA,"00-0026498","00-0039164","Matthew Stafford","Anthony Richardson","Sean McVay","Shane Steichen","Land Clark","IND00","Lucas Oil Stadium"
"2023_04_TB_NO",2023,"REG",4,"2023-10-01","Sunday","13:00","TB",26,"NO",9,"Home",-17,35,0,"2023100107",59229,NA,"202310010nor",NA,"401547450",NA,6,7,170,-205,4,-110,-110,41,-110,-110,1,"dome","sportturf",NA,NA,"00-0034855","00-0031280","Baker Mayfield","Derek Carr","Todd Bowles","Dennis Allen","Shawn Hochuli","NOR00","Mercedes-Benz Superdome"
"2023_04_WAS_PHI",2023,"REG",4,"2023-10-01","Sunday","13:00","WAS",31,"PHI",34,"Home",3,65,1,"2023100108",59230,NA,"202310010phi",NA,"401547451",NA,7,6,350,-455,9.5,-110,-110,43,-110,-110,1,"outdoors","grass",NA,NA,"00-0037077","00-0036389","Sam Howell","Jalen Hurts","Ron Rivera","Nick Sirianni","Ron Torbert","PHI00","Lincoln Financial Field"
"2023_04_CIN_TEN",2023,"REG",4,"2023-10-01","Sunday","13:00","CIN",3,"TEN",27,"Home",24,30,0,"2023100109",59231,NA,"202310010oti",NA,"401547452",NA,6,7,-162,136,-2.5,-120,100,41.5,-108,-112,0,"outdoors","grass",82,4,"00-0036442","00-0029701","Joe Burrow","Ryan Tannehill","Zac Taylor","Mike Vrabel","Shawn Smith","NAS00","Nissan Stadium"
"2023_04_LV_LAC",2023,"REG",4,"2023-10-01","Sunday","16:05","LV",17,"LAC",24,"Home",7,41,0,"2023100110",59232,NA,"202310010sdg",NA,"401547447",NA,7,7,250,-310,7,-115,-105,49,-110,-110,1,"dome","matrixturf",NA,NA,"00-0038579","00-0036355","Aidan O'Connell","Justin Herbert","Josh McDaniels","Brandon Staley","John Hussey","LAX01","SoFi Stadium"
"2023_04_NE_DAL",2023,"REG",4,"2023-10-01","Sunday","16:25","NE",3,"DAL",38,"Home",35,41,0,"2023100111",59233,NA,"202310010dal",NA,"401547453",NA,7,7,230,-285,6.5,-108,-112,43,-110,-110,0,"closed","matrixturf",NA,NA,"00-0036972","00-0033077","Mac Jones","Dak Prescott","Bill Belichick","Mike McCarthy","Scott Novak","DAL00","AT&T Stadium"
"2023_04_ARI_SF",2023,"REG",4,"2023-10-01","Sunday","16:25","ARI",16,"SF",35,"Home",19,51,0,"2023100112",59234,NA,"202310010sfo",NA,"401547454",NA,7,10,700,-1100,15,-108,-112,44,-105,-115,1,"outdoors","grass",75,9,"00-0033949","00-0037834","Joshua Dobbs","Brock Purdy","Jonathan Gannon","Kyle Shanahan","Clete Blakeman","SFO01","Levi's Stadium"
"2023_04_KC_NYJ",2023,"REG",4,"2023-10-01","Sunday","20:20","KC",23,"NYJ",20,"Home",-3,43,0,"2023100113",59235,NA,"202310010nyj",NA,"401547455",NA,7,7,-485,370,-9.5,-110,-110,41.5,-105,-115,0,"outdoors","fieldturf",69,5,"00-0033873","00-0037013","Patrick Mahomes","Zach Wilson","Andy Reid","Robert Saleh","Alex Kemp","NYC01","MetLife Stadium"
"2023_04_SEA_NYG",2023,"REG",4,"2023-10-02","Monday","20:15","SEA",24,"NYG",3,"Home",-21,27,0,"2023100200",59236,NA,"202310020nyg",NA,"401547456",NA,8,11,-142,120,-2.5,-115,-105,46.5,-115,-105,0,"outdoors","fieldturf",67,8,"00-0030565","00-0035710","Geno Smith","Daniel Jones","Pete Carroll","Brian Daboll","Brad Rogers","NYC01","MetLife Stadium"
"2023_05_CHI_WAS",2023,"REG",5,"2023-10-05","Thursday","20:15","CHI",40,"WAS",20,"Home",-20,60,0,"2023100500",59237,NA,"202310050was",NA,"401547457",NA,4,4,210,-258,6,-110,-110,45.5,-112,-108,0,"outdoors","grass",70,1,"00-0036945","00-0037077","Justin Fields","Sam Howell","Matt Eberflus","Ron Rivera","Scott Novak","WAS00","FedExField"
"2023_05_JAX_BUF",2023,"REG",5,"2023-10-08","Sunday","09:30","JAX",25,"BUF",20,"Neutral",-5,45,0,"2023100800",59238,NA,"202310080buf",NA,"401547228",NA,7,7,205,-250,5.5,-110,-110,48.5,-108,-112,0,"outdoors","",NA,NA,"00-0036971","00-0034857","Trevor Lawrence","Josh Allen","Doug Pederson","Sean McDermott","Shawn Smith","LON02","Tottenham Stadium"
"2023_05_HOU_ATL",2023,"REG",5,"2023-10-08","Sunday","13:00","HOU",19,"ATL",21,"Home",2,40,0,"2023100801",59239,NA,"202310080atl",NA,"401547463",NA,7,7,120,-142,2.5,-110,-110,42,-110,-110,0,"open","fieldturf",NA,NA,"00-0039163","00-0038122","C.J. Stroud","Desmond Ridder","DeMeco Ryans","Arthur Smith","Shawn Hochuli","ATL97","Mercedes-Benz Stadium"
"2023_05_CAR_DET",2023,"REG",5,"2023-10-08","Sunday","13:00","CAR",24,"DET",42,"Home",18,66,0,"2023100802",59240,NA,"202310080det",NA,"401547464",NA,7,10,350,-455,9.5,-110,-110,43.5,-110,-110,0,"dome","fieldturf",NA,NA,"00-0039150","00-0033106","Bryce Young","Jared Goff","Frank Reich","Dan Campbell","Adrian Hill","DET00","Ford Field"
"2023_05_TEN_IND",2023,"REG",5,"2023-10-08","Sunday","13:00","TEN",16,"IND",23,"Home",7,39,0,"2023100803",59241,NA,"202310080clt",NA,"401547458",NA,7,7,-142,120,-2.5,-110,-110,43.5,-110,-110,1,"open","fieldturf",NA,NA,"00-0029701","00-0039164","Ryan Tannehill","Anthony Richardson","Mike Vrabel","Shane Steichen","Brad Rogers","IND00","Lucas Oil Stadium"
"2023_05_NYG_MIA",2023,"REG",5,"2023-10-08","Sunday","13:00","NYG",16,"MIA",31,"Home",15,47,0,"2023100804",59242,NA,"202310080mia",NA,"401547465",NA,6,7,525,-750,12.5,-110,-110,47.5,-108,-112,0,"outdoors","grass",88,8,"00-0035710","00-0036212","Daniel Jones","Tua Tagovailoa","Brian Daboll","Mike McDaniel","Ron Torbert","MIA00","Hard Rock Stadium"
"2023_05_NO_NE",2023,"REG",5,"2023-10-08","Sunday","13:00","NO",34,"NE",0,"Home",-34,34,0,"2023100805",59243,NA,"202310080nwe",NA,"401547459",NA,7,7,114,-135,2.5,-110,-110,38.5,-110,-110,0,"outdoors","fieldturf",61,10,"00-0031280","00-0036972","Derek Carr","Mac Jones","Dennis Allen","Bill Belichick","Alex Kemp","BOS00","Gillette Stadium"
"2023_05_BAL_PIT",2023,"REG",5,"2023-10-08","Sunday","13:00","BAL",10,"PIT",17,"Home",7,27,0,"2023100806",59244,NA,"202310080pit",NA,"401547460",NA,7,7,-230,190,-4.5,-112,-108,38.5,-110,-110,1,"outdoors","grass",53,13,"00-0034796","00-0038102","Lamar Jackson","Kenny Pickett","John Harbaugh","Mike Tomlin","Carl Cheffers","PIT00","Acrisure Stadium"
"2023_05_CIN_ARI",2023,"REG",5,"2023-10-08","Sunday","16:05","CIN",34,"ARI",20,"Home",-14,54,0,"2023100807",59245,NA,"202310080crd",NA,"401547466",NA,7,7,-170,142,-3,-120,100,45.5,-110,-110,0,"closed","grass",NA,NA,"00-0036442","00-0033949","Joe Burrow","Joshua Dobbs","Zac Taylor","Jonathan Gannon","Clay Martin","PHO00","State Farm Stadium"
"2023_05_PHI_LA",2023,"REG",5,"2023-10-08","Sunday","16:05","PHI",23,"LA",14,"Home",-9,37,0,"2023100808",59246,NA,"202310080ram",NA,"401547467",NA,7,7,-192,160,-3.5,-110,-110,50.5,-110,-110,0,"dome","matrixturf",NA,NA,"00-0036389","00-0026498","Jalen Hurts","Matthew Stafford","Nick Sirianni","Sean McVay","Bill Vinovich","LAX01","SoFi Stadium"
"2023_05_NYJ_DEN",2023,"REG",5,"2023-10-08","Sunday","16:25","NYJ",31,"DEN",21,"Home",-10,52,0,"2023100809",59247,NA,"202310080den",NA,"401547461",NA,7,7,114,-135,2.5,-110,-110,42.5,-110,-110,0,"outdoors","grass",73,9,"00-0037013","00-0029263","Zach Wilson","Russell Wilson","Robert Saleh","Sean Payton","John Hussey","DEN00","Empower Field at Mile High"
"2023_05_KC_MIN",2023,"REG",5,"2023-10-08","Sunday","16:25","KC",27,"MIN",20,"Home",-7,47,0,"2023100810",59248,NA,"202310080min",NA,"401547462",NA,7,7,-180,150,-3.5,-105,-115,52.5,-110,-110,0,"dome","sportturf",NA,NA,"00-0033873","00-0029604","Patrick Mahomes","Kirk Cousins","Andy Reid","Kevin O'Connell","Land Clark","MIN01","U.S. Bank Stadium"
"2023_05_DAL_SF",2023,"REG",5,"2023-10-08","Sunday","20:20","DAL",10,"SF",42,"Home",32,52,0,"2023100811",59249,NA,"202310080sfo",NA,"401547354",NA,7,7,150,-180,3.5,-115,-105,45,-105,-115,0,"outdoors","grass",78,10,"00-0033077","00-0037834","Dak Prescott","Brock Purdy","Mike McCarthy","Kyle Shanahan","Alan Eck","SFO01","Levi's Stadium"
"2023_05_GB_LV",2023,"REG",5,"2023-10-09","Monday","20:15","GB",13,"LV",17,"Home",4,30,0,"2023100900",59250,NA,"202310090rai",NA,"401547468",NA,11,8,-102,-118,1,-110,-110,45,-110,-110,0,"dome","grass",NA,NA,"00-0036264","00-0031345","Jordan Love","Jimmy Garoppolo","Matt LaFleur","Josh McDaniels","Alan Eck","VEG00","Allegiant Stadium"
"2023_06_DEN_KC",2023,"REG",6,"2023-10-12","Thursday","20:15","DEN",8,"KC",19,"Home",11,27,0,"2023101200",59251,NA,"202310120kan",NA,"401547469",NA,4,4,470,-650,10.5,-108,-112,47.5,-112,-108,1,"outdoors","grass",NA,NA,"00-0029263","00-0033873","Russell Wilson","Patrick Mahomes","Sean Payton","Andy Reid","Shawn Hochuli","KAN00","GEHA Field at Arrowhead Stadium"
"2023_06_BAL_TEN",2023,"REG",6,"2023-10-15","Sunday","09:30","BAL",24,"TEN",16,"Neutral",-8,40,0,"2023101500",59252,NA,"202310150oti",NA,"401547229",NA,7,7,-250,205,-5.5,-112,-108,42.5,-110,-110,0,"outdoors","",NA,NA,"00-0034796","00-0029701","Lamar Jackson","Ryan Tannehill","John Harbaugh","Mike Vrabel","Bill Vinovich","LON02","Tottenham Stadium"
"2023_06_WAS_ATL",2023,"REG",6,"2023-10-15","Sunday","13:00","WAS",24,"ATL",16,"Home",-8,40,0,"2023101501",59253,NA,"202310150atl",NA,"401547470",NA,10,7,105,-125,1.5,-108,-112,42,-110,-110,0,"closed","fieldturf",NA,NA,"00-0037077","00-0038122","Sam Howell","Desmond Ridder","Ron Rivera","Arthur Smith","Clete Blakeman","ATL97","Mercedes-Benz Stadium"
"2023_06_MIN_CHI",2023,"REG",6,"2023-10-15","Sunday","13:00","MIN",19,"CHI",13,"Home",-6,32,0,"2023101502",59254,NA,"202310150chi",NA,"401547475",NA,7,10,-166,140,-3,-115,-105,44.5,-112,-108,1,"outdoors","grass",53,16,"00-0029604","00-0036945","Kirk Cousins","Justin Fields","Kevin O'Connell","Matt Eberflus","Brad Allen","CHI98","Soldier Field"
"2023_06_SEA_CIN",2023,"REG",6,"2023-10-15","Sunday","13:00","SEA",13,"CIN",17,"Home",4,30,0,"2023101503",59255,NA,"202310150cin",NA,"401547471",NA,13,7,130,-155,3,-112,-108,45.5,-108,-112,0,"outdoors","fieldturf",57,15,"00-0030565","00-0036442","Geno Smith","Joe Burrow","Pete Carroll","Zac Taylor","Adrian Hill","CIN00","Paycor Stadium"
"2023_06_SF_CLE",2023,"REG",6,"2023-10-15","Sunday","13:00","SF",17,"CLE",19,"Home",2,36,0,"2023101504",59256,NA,"202310150cle",NA,"401547476",NA,7,14,-470,360,-9.5,-115,-105,36,-110,-110,0,"outdoors","grass",53,15,"00-0037834","00-0033275","Brock Purdy","Phillip Walker","Kyle Shanahan","Kevin Stefanski","John Hussey","CLE00","FirstEnergy Stadium"
"2023_06_NO_HOU",2023,"REG",6,"2023-10-15","Sunday","13:00","NO",13,"HOU",20,"Home",7,33,0,"2023101505",59257,NA,"202310150htx",NA,"401547477",NA,7,7,-130,110,-2,-110,-110,42.5,-112,-108,0,"closed","astroturf",NA,NA,"00-0031280","00-0039163","Derek Carr","C.J. Stroud","Dennis Allen","DeMeco Ryans","Alan Eck","HOU00","NRG Stadium"
"2023_06_IND_JAX",2023,"REG",6,"2023-10-15","Sunday","13:00","IND",20,"JAX",37,"Home",17,57,0,"2023101506",59258,NA,"202310150jax",NA,"401547472",NA,7,7,170,-205,4,-110,-110,44,-110,-110,1,"outdoors","grass",NA,NA,"00-0035289","00-0036971","Gardner Minshew","Trevor Lawrence","Shane Steichen","Doug Pederson","Alex Kemp","JAX00","TIAA Bank Stadium"
"2023_06_CAR_MIA",2023,"REG",6,"2023-10-15","Sunday","13:00","CAR",21,"MIA",42,"Home",21,63,0,"2023101507",59259,NA,"202310150mia",NA,"401547473",NA,7,7,700,-1100,14,-110,-110,47.5,-112,-108,0,"outdoors","grass",87,12,"00-0039150","00-0036212","Bryce Young","Tua Tagovailoa","Frank Reich","Mike McDaniel","Craig Wrolstad","MIA00","Hard Rock Stadium"
"2023_06_NE_LV",2023,"REG",6,"2023-10-15","Sunday","16:05","NE",17,"LV",21,"Home",4,38,0,"2023101509",59261,NA,"202310150rai",NA,"401547474",NA,7,6,124,-148,3,-118,-102,41.5,-110,-110,0,"dome","grass",NA,NA,"00-0036972","00-0031345","Mac Jones","Jimmy Garoppolo","Bill Belichick","Josh McDaniels","Brad Rogers","VEG00","Allegiant Stadium"
"2023_06_ARI_LA",2023,"REG",6,"2023-10-15","Sunday","16:25","ARI",9,"LA",26,"Home",17,35,0,"2023101510",59262,NA,"202310150ram",NA,"401547479",NA,7,7,270,-340,7,-105,-115,48,-110,-110,1,"dome","matrixturf",NA,NA,"00-0033949","00-0026498","Joshua Dobbs","Matthew Stafford","Jonathan Gannon","Sean McVay","Ron Torbert","LAX01","SoFi Stadium"
"2023_06_PHI_NYJ",2023,"REG",6,"2023-10-15","Sunday","16:25","PHI",14,"NYJ",20,"Home",6,34,0,"2023101511",59263,NA,"202310150nyj",NA,"401547480",NA,7,7,-305,245,-6.5,-115,-105,43,-105,-115,0,"outdoors","fieldturf",59,11,"00-0036389","00-0037013","Jalen Hurts","Zach Wilson","Nick Sirianni","Robert Saleh","Scott Novak","NYC01","MetLife Stadium"
"2023_06_DET_TB",2023,"REG",6,"2023-10-15","Sunday","16:25","DET",20,"TB",6,"Home",-14,26,0,"2023101508",59260,NA,"202310150tam",NA,"401547478",NA,7,14,-162,136,-3,-115,-105,43.5,-112,-108,0,"outdoors","grass",77,13,"00-0033106","00-0034855","Jared Goff","Baker Mayfield","Dan Campbell","Todd Bowles","Clay Martin","TAM00","Raymond James Stadium"
"2023_06_NYG_BUF",2023,"REG",6,"2023-10-15","Sunday","20:20","NYG",9,"BUF",14,"Home",5,23,0,"2023101512",59264,NA,"202310150buf",NA,"401547481",NA,7,7,750,-1200,15.5,-110,-110,43.5,-110,-110,0,"outdoors","a_turf",46,7,"00-0028118","00-0034857","Tyrod Taylor","Josh Allen","Brian Daboll","Sean McDermott","Tra Blake","BUF00","New Era Field"
"2023_06_DAL_LAC",2023,"REG",6,"2023-10-16","Monday","20:15","DAL",20,"LAC",17,"Home",-3,37,0,"2023101600",59265,NA,"202310160sdg",NA,"401547482",NA,8,15,-130,110,-1.5,-112,-108,49.5,-108,-112,0,"dome","matrixturf",NA,NA,"00-0033077","00-0036355","Dak Prescott","Justin Herbert","Mike McCarthy","Brandon Staley","Land Clark","LAX01","SoFi Stadium"
"2023_07_JAX_NO",2023,"REG",7,"2023-10-19","Thursday","20:15","JAX",31,"NO",24,"Home",-7,55,0,"2023101900",59266,NA,"202310190nor",NA,"401547483",NA,4,4,124,-148,2.5,-108,-112,41,-110,-110,0,"dome","sportturf",NA,NA,"00-0036971","00-0031280","Trevor Lawrence","Derek Carr","Doug Pederson","Dennis Allen","Land Clark","NOR00","Mercedes-Benz Superdome"
"2023_07_DET_BAL",2023,"REG",7,"2023-10-22","Sunday","13:00","DET",6,"BAL",38,"Home",32,44,0,"2023102200",59267,NA,"202310220rav",NA,"401547489",NA,7,7,136,-162,3,-105,-115,43.5,-108,-112,0,"outdoors","grass",62,16,"00-0033106","00-0034796","Jared Goff","Lamar Jackson","Dan Campbell","John Harbaugh","Brad Rogers","BAL00","M&T Bank Stadium"
"2023_07_LV_CHI",2023,"REG",7,"2023-10-22","Sunday","13:00","LV",12,"CHI",30,"Home",18,42,0,"2023102201",59268,NA,"202310220chi",NA,"401547490",NA,7,7,-142,120,-2.5,-110,-110,38.5,-110,-110,0,"outdoors","grass",52,8,"00-0026625","00-0038416","Brian Hoyer","Tyson Bagent","Josh McDaniels","Matt Eberflus","Clay Martin","CHI98","Soldier Field"
"2023_07_CLE_IND",2023,"REG",7,"2023-10-22","Sunday","13:00","CLE",39,"IND",38,"Home",-1,77,0,"2023102202",59269,NA,"202310220clt",NA,"401547484",NA,7,7,-180,150,-3.5,-108,-112,40,-110,-110,0,"open","fieldturf",NA,NA,"00-0033537","00-0035289","Deshaun Watson","Gardner Minshew","Kevin Stefanski","Shane Steichen","Shawn Smith","IND00","Lucas Oil Stadium"
"2023_07_BUF_NE",2023,"REG",7,"2023-10-22","Sunday","13:00","BUF",25,"NE",29,"Home",4,54,0,"2023102203",59270,NA,"202310220nwe",NA,"401547485",NA,7,7,-395,310,-7.5,-110,-110,41,-110,-110,1,"outdoors","fieldturf",55,13,"00-0034857","00-0036972","Josh Allen","Mac Jones","Sean McDermott","Bill Belichick","Clete Blakeman","BOS00","Gillette Stadium"
"2023_07_WAS_NYG",2023,"REG",7,"2023-10-22","Sunday","13:00","WAS",7,"NYG",14,"Home",7,21,0,"2023102204",59271,NA,"202310220nyg",NA,"401547486",NA,7,7,-162,136,-3,-108,-112,37,-112,-108,1,"outdoors","fieldturf",54,14,"00-0037077","00-0028118","Sam Howell","Tyrod Taylor","Ron Rivera","Brian Daboll","John Hussey","NYC01","MetLife Stadium"
"2023_07_ATL_TB",2023,"REG",7,"2023-10-22","Sunday","13:00","ATL",16,"TB",13,"Home",-3,29,0,"2023102205",59272,NA,"202310220tam",NA,"401547491",NA,7,7,124,-148,3,-115,-105,37.5,-115,-105,1,"outdoors","grass",79,3,"00-0038122","00-0034855","Desmond Ridder","Baker Mayfield","Arthur Smith","Todd Bowles","Ron Torbert","TAM00","Raymond James Stadium"
"2023_07_PIT_LA",2023,"REG",7,"2023-10-22","Sunday","16:05","PIT",24,"LA",17,"Home",-7,41,0,"2023102206",59273,NA,"202310220ram",NA,"401547492",NA,14,7,145,-175,3.5,-118,-102,44,-112,-108,0,"dome","matrixturf",NA,NA,"00-0038102","00-0026498","Kenny Pickett","Matthew Stafford","Mike Tomlin","Sean McVay","Craig Wrolstad","LAX01","SoFi Stadium"
"2023_07_ARI_SEA",2023,"REG",7,"2023-10-22","Sunday","16:05","ARI",10,"SEA",20,"Home",10,30,0,"2023102207",59274,NA,"202310220sea",NA,"401547493",NA,7,7,350,-455,9.5,-112,-108,43.5,-110,-110,1,"outdoors","fieldturf",56,5,"00-0033949","00-0030565","Joshua Dobbs","Geno Smith","Jonathan Gannon","Pete Carroll","Scott Novak","SEA00","Lumen Field"
"2023_07_GB_DEN",2023,"REG",7,"2023-10-22","Sunday","16:25","GB",17,"DEN",19,"Home",2,36,0,"2023102208",59275,NA,"202310220den",NA,"401547487",NA,13,10,-102,-118,1.5,-112,-108,44,-110,-110,0,"outdoors","grass",72,9,"00-0036264","00-0029263","Jordan Love","Russell Wilson","Matt LaFleur","Sean Payton","Alex Kemp","DEN00","Empower Field at Mile High"
"2023_07_LAC_KC",2023,"REG",7,"2023-10-22","Sunday","16:25","LAC",17,"KC",31,"Home",14,48,0,"2023102209",59276,NA,"202310220kan",NA,"401547488",NA,6,10,215,-265,5.5,-105,-115,48.5,-108,-112,1,"outdoors","grass",72,10,"00-0036355","00-0033873","Justin Herbert","Patrick Mahomes","Brandon Staley","Andy Reid","Tra Blake","KAN00","GEHA Field at Arrowhead Stadium"
"2023_07_MIA_PHI",2023,"REG",7,"2023-10-22","Sunday","20:20","MIA",17,"PHI",31,"Home",14,48,0,"2023102210",59277,NA,"202310220phi",NA,"401547494",NA,7,7,130,-155,3,-112,-108,52,-110,-110,0,"outdoors","grass",55,17,"00-0036212","00-0036389","Tua Tagovailoa","Jalen Hurts","Mike McDaniel","Nick Sirianni","Brad Allen","PHI00","Lincoln Financial Field"
"2023_07_SF_MIN",2023,"REG",7,"2023-10-23","Monday","20:15","SF",17,"MIN",22,"Home",5,39,0,"2023102300",59278,NA,"202310230min",NA,"401547495",NA,8,8,-325,260,-7,-105,-115,44.5,-110,-110,0,"dome","sportturf",NA,NA,"00-0037834","00-0029604","Brock Purdy","Kirk Cousins","Kyle Shanahan","Kevin O'Connell","Carl Cheffers","MIN01","U.S. Bank Stadium"
"2023_08_TB_BUF",2023,"REG",8,"2023-10-26","Thursday","20:15","TB",18,"BUF",24,"Home",6,42,0,"2023102600",59279,NA,"202310260buf",NA,"401547496",NA,4,4,370,-485,10,-112,-108,43,-110,-110,0,"outdoors","a_turf",66,10,"00-0034855","00-0034857","Baker Mayfield","Josh Allen","Todd Bowles","Sean McDermott","Scott Novak","BUF00","New Era Field"
"2023_08_HOU_CAR",2023,"REG",8,"2023-10-29","Sunday","13:00","HOU",13,"CAR",15,"Home",2,28,0,"2023102900",59280,NA,"202310290car",NA,"401547504",NA,14,14,-162,136,-3,-118,-102,43,-110,-110,0,"outdoors","grass",77,14,"00-0039163","00-0039150","C.J. Stroud","Bryce Young","DeMeco Ryans","Frank Reich","John Hussey","CAR00","Bank of America Stadium"
"2023_08_LA_DAL",2023,"REG",8,"2023-10-29","Sunday","13:00","LA",20,"DAL",43,"Home",23,63,0,"2023102901",59281,NA,"202310290dal",NA,"401547505",NA,7,13,250,-310,6.5,-105,-115,44.5,-110,-110,0,"closed","matrixturf",NA,NA,"00-0026498","00-0033077","Matthew Stafford","Dak Prescott","Sean McVay","Mike McCarthy","Adrian Hill","DAL00","AT&T Stadium"
"2023_08_MIN_GB",2023,"REG",8,"2023-10-29","Sunday","13:00","MIN",24,"GB",10,"Home",-14,34,0,"2023102902",59282,NA,"202310290gnb",NA,"401547506",NA,6,7,-112,-108,-1,-108,-112,41.5,-108,-112,1,"outdoors","grass",39,8,"00-0029604","00-0036264","Kirk Cousins","Jordan Love","Kevin O'Connell","Matt LaFleur","Shawn Hochuli","GNB00","Lambeau Field"
"2023_08_NO_IND",2023,"REG",8,"2023-10-29","Sunday","13:00","NO",38,"IND",27,"Home",-11,65,0,"2023102903",59283,NA,"202310290clt",NA,"401547507",NA,10,7,-130,110,-2,-110,-110,43.5,-110,-110,0,"closed","fieldturf",NA,NA,"00-0031280","00-0035289","Derek Carr","Gardner Minshew","Dennis Allen","Shane Steichen","Craig Wrolstad","IND00","Lucas Oil Stadium"
"2023_08_NE_MIA",2023,"REG",8,"2023-10-29","Sunday","13:00","NE",17,"MIA",31,"Home",14,48,0,"2023102904",59284,NA,"202310290mia",NA,"401547497",NA,7,7,300,-380,7.5,-110,-110,46.5,-110,-110,1,"outdoors","grass",83,17,"00-0036972","00-0036212","Mac Jones","Tua Tagovailoa","Bill Belichick","Mike McDaniel","Land Clark","MIA00","Hard Rock Stadium"
"2023_08_NYJ_NYG",2023,"REG",8,"2023-10-29","Sunday","13:00","NYJ",13,"NYG",10,"Home",-3,23,1,"2023102905",59285,NA,"202310290nyg",NA,"401547498",NA,14,7,-162,136,-3,-115,-105,35,-112,-108,0,"outdoors","fieldturf",52,6,"00-0037013","00-0028118","Zach Wilson","Tyrod Taylor","Robert Saleh","Brian Daboll","Shawn Smith","NYC01","MetLife Stadium"
"2023_08_JAX_PIT",2023,"REG",8,"2023-10-29","Sunday","13:00","JAX",20,"PIT",10,"Home",-10,30,0,"2023102906",59286,NA,"202310290pit",NA,"401547499",NA,10,7,-135,114,-2.5,-110,-110,41,-110,-110,0,"outdoors","grass",58,2,"00-0036971","00-0038102","Trevor Lawrence","Kenny Pickett","Doug Pederson","Mike Tomlin","Alan Eck","PIT00","Acrisure Stadium"
"2023_08_ATL_TEN",2023,"REG",8,"2023-10-29","Sunday","13:00","ATL",23,"TEN",28,"Home",5,51,0,"2023102907",59287,NA,"202310290oti",NA,"401547500",NA,7,14,-130,110,-2.5,-110,-110,35,-110,-110,0,"outdoors","grass",77,7,"00-0038122","00-0039152","Desmond Ridder","Will Levis","Arthur Smith","Mike Vrabel","Clay Martin","NAS00","Nissan Stadium"
"2023_08_PHI_WAS",2023,"REG",8,"2023-10-29","Sunday","13:00","PHI",38,"WAS",31,"Home",-7,69,0,"2023102908",59288,NA,"202310290was",NA,"401547508",NA,7,7,-305,245,-7,-110,-110,42.5,-110,-110,1,"outdoors","grass",69,4,"00-0036389","00-0037077","Jalen Hurts","Sam Howell","Nick Sirianni","Ron Rivera","Carl Cheffers","WAS00","FedExField"
"2023_08_CLE_SEA",2023,"REG",8,"2023-10-29","Sunday","16:05","CLE",20,"SEA",24,"Home",4,44,0,"2023102909",59289,NA,"202310290sea",NA,"401547509",NA,7,7,164,-198,4,-110,-110,39.5,-112,-108,0,"outdoors","fieldturf",47,3,"00-0033275","00-0030565","Phillip Walker","Geno Smith","Kevin Stefanski","Pete Carroll","Bill Vinovich","SEA00","Lumen Field"
"2023_08_BAL_ARI",2023,"REG",8,"2023-10-29","Sunday","16:25","BAL",31,"ARI",24,"Home",-7,55,0,"2023102910",59290,NA,"202310290crd",NA,"401547501",NA,7,7,-500,380,-9.5,-110,-110,44.5,-110,-110,0,"closed","grass",NA,NA,"00-0034796","00-0033949","Lamar Jackson","Joshua Dobbs","John Harbaugh","Jonathan Gannon","Tra Blake","PHO00","State Farm Stadium"
"2023_08_KC_DEN",2023,"REG",8,"2023-10-29","Sunday","16:25","KC",9,"DEN",24,"Home",15,33,0,"2023102911",59291,NA,"202310290den",NA,"401547502",NA,7,7,-340,270,-7,-102,-118,45.5,-110,-110,1,"outdoors","grass",26,7,"00-0033873","00-0029263","Patrick Mahomes","Russell Wilson","Andy Reid","Sean Payton","Brad Allen","DEN00","Empower Field at Mile High"
"2023_08_CIN_SF",2023,"REG",8,"2023-10-29","Sunday","16:25","CIN",31,"SF",17,"Home",-14,48,0,"2023102912",59292,NA,"202310290sfo",NA,"401547503",NA,14,6,170,-205,4,-105,-115,44,-110,-110,0,"outdoors","grass",74,10,"00-0036442","00-0037834","Joe Burrow","Brock Purdy","Zac Taylor","Kyle Shanahan","Ron Torbert","SFO01","Levi's Stadium"
"2023_08_CHI_LAC",2023,"REG",8,"2023-10-29","Sunday","20:20","CHI",13,"LAC",30,"Home",17,43,0,"2023102913",59293,NA,"202310290sdg",NA,"401547510",NA,7,7,340,-440,9.5,-108,-112,46,-112,-108,0,"dome","matrixturf",NA,NA,"00-0038416","00-0036355","Tyson Bagent","Justin Herbert","Matt Eberflus","Brandon Staley","Brad Rogers","LAX01","SoFi Stadium"
"2023_08_LV_DET",2023,"REG",8,"2023-10-30","Monday","20:15","LV",14,"DET",26,"Home",12,40,0,"2023103000",59294,NA,"202310300det",NA,"401547511",NA,8,8,270,-340,7,-110,-110,46,-110,-110,0,"dome","fieldturf",NA,NA,"00-0031345","00-0033106","Jimmy Garoppolo","Jared Goff","Josh McDaniels","Dan Campbell","Clete Blakeman","DET00","Ford Field"
"2023_09_TEN_PIT",2023,"REG",9,"2023-11-02","Thursday","20:15","TEN",16,"PIT",20,"Home",4,36,0,"2023110200",59295,NA,"202311020pit",NA,"401547512",NA,4,4,145,-175,3.5,-120,100,37,-108,-112,0,"outdoors","grass",40,5,"00-0039152","00-0038102","Will Levis","Kenny Pickett","Mike Vrabel","Mike Tomlin","John Hussey","PIT00","Acrisure Stadium"
"2023_09_MIA_KC",2023,"REG",9,"2023-11-05","Sunday","09:30","MIA",14,"KC",21,"Neutral",7,35,0,"2023110500",59296,NA,"202311050kan",NA,"401547230",NA,7,7,-105,-115,1,-112,-108,51,-108,-112,0,"outdoors","grass",NA,NA,"00-0036212","00-0033873","Tua Tagovailoa","Patrick Mahomes","Mike McDaniel","Andy Reid","Clay Martin","FRA00","Deutsche Bank Park"
"2023_09_MIN_ATL",2023,"REG",9,"2023-11-05","Sunday","13:00","MIN",31,"ATL",28,"Home",-3,59,0,"2023110501",59297,NA,"202311050atl",NA,"401547518",NA,7,7,160,-192,3.5,-108,-112,38.5,-112,-108,0,"open","fieldturf",NA,NA,"00-0038598","00-0031800","Jaren Hall","Taylor Heinicke","Kevin O'Connell","Arthur Smith","Shawn Smith","ATL97","Mercedes-Benz Stadium"
"2023_09_SEA_BAL",2023,"REG",9,"2023-11-05","Sunday","13:00","SEA",3,"BAL",37,"Home",34,40,0,"2023110502",59298,NA,"202311050rav",NA,"401547513",NA,7,7,220,-270,6,-110,-110,44.5,-112,-108,0,"outdoors","grass",70,6,"00-0030565","00-0034796","Geno Smith","Lamar Jackson","Pete Carroll","John Harbaugh","Shawn Hochuli","BAL00","M&T Bank Stadium"
"2023_09_ARI_CLE",2023,"REG",9,"2023-11-05","Sunday","13:00","ARI",0,"CLE",27,"Home",27,27,0,"2023110503",59299,NA,"202311050cle",NA,"401547514",NA,7,7,525,-750,13,-112,-108,38,-110,-110,0,"outdoors","grass",56,7,"00-0038582","00-0033537","Clayton Tune","Deshaun Watson","Jonathan Gannon","Kevin Stefanski","Carl Cheffers","CLE00","FirstEnergy Stadium"
"2023_09_LA_GB",2023,"REG",9,"2023-11-05","Sunday","13:00","LA",3,"GB",20,"Home",17,23,0,"2023110504",59300,NA,"202311050gnb",NA,"401547519",NA,7,7,160,-198,3.5,-108,-112,38,-112,-108,0,"outdoors","grass",51,8,"00-0034955","00-0036264","Brett Rypien","Jordan Love","Sean McVay","Matt LaFleur","Clete Blakeman","GNB00","Lambeau Field"
"2023_09_TB_HOU",2023,"REG",9,"2023-11-05","Sunday","13:00","TB",37,"HOU",39,"Home",2,76,0,"2023110505",59301,NA,"202311050htx",NA,"401547515",NA,10,7,124,-148,2.5,100,-120,39.5,-110,-110,0,"closed","astroturf",NA,NA,"00-0034855","00-0039163","Baker Mayfield","C.J. Stroud","Todd Bowles","DeMeco Ryans","Land Clark","HOU00","NRG Stadium"
"2023_09_WAS_NE",2023,"REG",9,"2023-11-05","Sunday","13:00","WAS",20,"NE",17,"Home",-3,37,0,"2023110506",59302,NA,"202311050nwe",NA,"401547520",NA,7,7,130,-155,2.5,100,-120,40.5,-110,-110,0,"outdoors","fieldturf",62,6,"00-0037077","00-0036972","Sam Howell","Mac Jones","Ron Rivera","Bill Belichick","Adrian Hill","BOS00","Gillette Stadium"
"2023_09_CHI_NO",2023,"REG",9,"2023-11-05","Sunday","13:00","CHI",17,"NO",24,"Home",7,41,0,"2023110507",59303,NA,"202311050nor",NA,"401547516",NA,7,7,340,-440,9,-108,-112,42,-110,-110,0,"dome","sportturf",NA,NA,"00-0038416","00-0031280","Tyson Bagent","Derek Carr","Matt Eberflus","Dennis Allen","Ron Torbert","NOR00","Mercedes-Benz Superdome"
"2023_09_IND_CAR",2023,"REG",9,"2023-11-05","Sunday","16:05","IND",27,"CAR",13,"Home",-14,40,0,"2023110508",59304,NA,"202311050car",NA,"401547517",NA,7,7,-130,110,-1.5,-108,-112,45,-110,-110,0,"outdoors","grass",75,2,"00-0035289","00-0039150","Gardner Minshew","Bryce Young","Shane Steichen","Frank Reich","Bill Vinovich","CAR00","Bank of America Stadium"
"2023_09_NYG_LV",2023,"REG",9,"2023-11-05","Sunday","16:25","NYG",6,"LV",30,"Home",24,36,0,"2023110509",59305,NA,"202311050rai",NA,"401547521",NA,7,6,-102,-118,1,-110,-110,38.5,-112,-108,0,"dome","grass",NA,NA,"00-0035710","00-0038579","Daniel Jones","Aidan O'Connell","Brian Daboll","Antonio Pierce","Alan Eck","VEG00","Allegiant Stadium"
"2023_09_DAL_PHI",2023,"REG",9,"2023-11-05","Sunday","16:25","DAL",23,"PHI",28,"Home",5,51,0,"2023110510",59306,NA,"202311050phi",NA,"401547522",NA,7,7,145,-175,3.5,-118,-102,46.5,-110,-110,1,"outdoors","grass",64,6,"00-0033077","00-0036389","Dak Prescott","Jalen Hurts","Mike McCarthy","Nick Sirianni","Tra Blake","PHI00","Lincoln Financial Field"
"2023_09_BUF_CIN",2023,"REG",9,"2023-11-05","Sunday","20:20","BUF",18,"CIN",24,"Home",6,42,0,"2023110511",59307,NA,"202311050cin",NA,"401547523",NA,10,7,105,-125,1.5,-108,-112,51,-110,-110,0,"outdoors","fieldturf",51,5,"00-0034857","00-0036442","Josh Allen","Joe Burrow","Sean McDermott","Zac Taylor","Alex Kemp","CIN00","Paycor Stadium"
"2023_09_LAC_NYJ",2023,"REG",9,"2023-11-06","Monday","20:15","LAC",27,"NYJ",6,"Home",-21,33,0,"2023110600",59308,NA,"202311060nyj",NA,"401547524",NA,8,8,-170,142,-3,-118,-102,41,-110,-110,0,"outdoors","fieldturf",48,4,"00-0036355","00-0037013","Justin Herbert","Zach Wilson","Brandon Staley","Robert Saleh","Craig Wrolstad","NYC01","MetLife Stadium"
"2023_10_CAR_CHI",2023,"REG",10,"2023-11-09","Thursday","20:15","CAR",13,"CHI",16,"Home",3,29,0,"2023110900",59309,NA,"202311090chi",NA,"401547525",NA,4,4,150,-180,3,100,-120,38,-105,-115,0,"outdoors","grass",51,8,"00-0039150","00-0038416","Bryce Young","Tyson Bagent","Frank Reich","Matt Eberflus","Clete Blakeman","CHI98","Soldier Field"
"2023_10_IND_NE",2023,"REG",10,"2023-11-12","Sunday","09:30","IND",10,"NE",6,"Neutral",-4,16,0,"2023111200",59310,NA,"202311120nwe",NA,"401547231",NA,7,7,-118,-102,-1,-110,-110,42,-110,-110,0,"outdoors","grass",NA,NA,"00-0035289","00-0036972","Gardner Minshew","Mac Jones","Shane Steichen","Bill Belichick","Tra Blake","FRA00","Deutsche Bank Park"
"2023_10_CLE_BAL",2023,"REG",10,"2023-11-12","Sunday","13:00","CLE",33,"BAL",31,"Home",-2,64,0,"2023111201",59311,NA,"202311120rav",NA,"401547531",NA,7,7,210,-258,6,-112,-108,38.5,-108,-112,1,"outdoors","grass",49,4,"00-0033537","00-0034796","Deshaun Watson","Lamar Jackson","Kevin Stefanski","John Harbaugh","Land Clark","BAL00","M&T Bank Stadium"
"2023_10_HOU_CIN",2023,"REG",10,"2023-11-12","Sunday","13:00","HOU",30,"CIN",27,"Home",-3,57,0,"2023111202",59312,NA,"202311120cin",NA,"401547526",NA,7,7,205,-250,5.5,-110,-110,46,-110,-110,0,"outdoors","fieldturf",56,6,"00-0039163","00-0036442","C.J. Stroud","Joe Burrow","DeMeco Ryans","Zac Taylor","Carl Cheffers","CIN00","Paycor Stadium"
"2023_10_SF_JAX",2023,"REG",10,"2023-11-12","Sunday","13:00","SF",34,"JAX",3,"Home",-31,37,0,"2023111203",59313,NA,"202311120jax",NA,"401547532",NA,14,14,-170,142,-3,-112,-108,44.5,-112,-108,0,"outdoors","grass",59,11,"00-0037834","00-0036971","Brock Purdy","Trevor Lawrence","Kyle Shanahan","Doug Pederson","Brad Allen","JAX00","TIAA Bank Stadium"
"2023_10_NO_MIN",2023,"REG",10,"2023-11-12","Sunday","13:00","NO",19,"MIN",27,"Home",8,46,0,"2023111204",59314,NA,"202311120min",NA,"401547533",NA,7,7,-155,130,-3,-105,-115,41,-112,-108,0,"dome","sportturf",NA,NA,"00-0031280","00-0033949","Derek Carr","Joshua Dobbs","Dennis Allen","Kevin O'Connell","Adrian Hill","MIN01","U.S. Bank Stadium"
"2023_10_GB_PIT",2023,"REG",10,"2023-11-12","Sunday","13:00","GB",19,"PIT",23,"Home",4,42,0,"2023111205",59315,NA,"202311120pit",NA,"401547527",NA,7,10,140,-166,3,100,-120,38.5,-112,-108,0,"outdoors","grass",50,5,"00-0036264","00-0038102","Jordan Love","Kenny Pickett","Matt LaFleur","Mike Tomlin","Scott Novak","PIT00","Acrisure Stadium"
"2023_10_TEN_TB",2023,"REG",10,"2023-11-12","Sunday","13:00","TEN",6,"TB",20,"Home",14,26,0,"2023111206",59316,NA,"202311120tam",NA,"401547528",NA,10,7,120,-142,2.5,-105,-115,39.5,-110,-110,0,"outdoors","grass",85,6,"00-0039152","00-0034855","Will Levis","Baker Mayfield","Mike Vrabel","Todd Bowles","Alan Eck","TAM00","Raymond James Stadium"
"2023_10_ATL_ARI",2023,"REG",10,"2023-11-12","Sunday","16:05","ATL",23,"ARI",25,"Home",2,48,0,"2023111207",59317,NA,"202311120crd",NA,"401547529",NA,7,7,-130,110,-2,-110,-110,43.5,-108,-112,0,"closed","grass",NA,NA,"00-0031800","00-0035228","Taylor Heinicke","Kyler Murray","Arthur Smith","Jonathan Gannon","Craig Wrolstad","PHO00","State Farm Stadium"
"2023_10_DET_LAC",2023,"REG",10,"2023-11-12","Sunday","16:05","DET",41,"LAC",38,"Home",-3,79,0,"2023111208",59318,NA,"202311120sdg",NA,"401547530",NA,13,6,-142,120,-2.5,-110,-110,48.5,-110,-110,0,"dome","matrixturf",NA,NA,"00-0033106","00-0036355","Jared Goff","Justin Herbert","Dan Campbell","Brandon Staley","Shawn Smith","LAX01","SoFi Stadium"
"2023_10_NYG_DAL",2023,"REG",10,"2023-11-12","Sunday","16:25","NYG",17,"DAL",49,"Home",32,66,0,"2023111209",59319,NA,"202311120dal",NA,"401547534",NA,7,7,1100,-2100,17.5,-108,-112,38.5,-108,-112,1,"closed","matrixturf",NA,NA,"00-0038476","00-0033077","Tommy DeVito","Dak Prescott","Brian Daboll","Mike McCarthy","Brad Rogers","DAL00","AT&T Stadium"
"2023_10_WAS_SEA",2023,"REG",10,"2023-11-12","Sunday","16:25","WAS",26,"SEA",29,"Home",3,55,0,"2023111210",59320,NA,"202311120sea",NA,"401547535",NA,7,7,220,-270,6,-110,-110,44,-112,-108,0,"outdoors","fieldturf",52,4,"00-0037077","00-0030565","Sam Howell","Geno Smith","Ron Rivera","Pete Carroll","Alex Kemp","SEA00","Lumen Field"
"2023_10_NYJ_LV",2023,"REG",10,"2023-11-12","Sunday","20:20","NYJ",12,"LV",16,"Home",4,28,0,"2023111211",59321,NA,"202311120rai",NA,"401547536",NA,6,7,-115,-105,-1,-108,-112,35.5,-112,-108,0,"dome","grass",NA,NA,"00-0037013","00-0038579","Zach Wilson","Aidan O'Connell","Robert Saleh","Antonio Pierce","Shawn Hochuli","VEG00","Allegiant Stadium"
"2023_10_DEN_BUF",2023,"REG",10,"2023-11-13","Monday","20:15","DEN",24,"BUF",22,"Home",-2,46,0,"2023111300",59322,NA,"202311130buf",NA,"401547537",NA,15,8,310,-395,7.5,-112,-108,47.5,-112,-108,0,"outdoors","a_turf",49,10,"00-0029263","00-0034857","Russell Wilson","Josh Allen","Sean Payton","Sean McDermott","Bill Vinovich","BUF00","New Era Field"
"2023_11_CIN_BAL",2023,"REG",11,"2023-11-16","Thursday","20:15","CIN",20,"BAL",34,"Home",14,54,0,"2023111600",59323,NA,"202311160rav",NA,"401547538",NA,4,4,170,-205,4,-112,-108,46.5,-112,-108,1,"outdoors","grass",56,1,"00-0036442","00-0034796","Joe Burrow","Lamar Jackson","Zac Taylor","John Harbaugh","Adrian Hill","BAL00","M&T Bank Stadium"
"2023_11_DAL_CAR",2023,"REG",11,"2023-11-19","Sunday","13:00","DAL",33,"CAR",10,"Home",-23,43,0,"2023111900",59324,NA,"202311190car",NA,"401547545",NA,7,10,-650,470,-11,-110,-110,43,-108,-112,0,"outdoors","grass",65,2,"00-0033077","00-0039150","Dak Prescott","Bryce Young","Mike McCarthy","Frank Reich","Clay Martin","CAR00","Bank of America Stadium"
"2023_11_PIT_CLE",2023,"REG",11,"2023-11-19","Sunday","13:00","PIT",10,"CLE",13,"Home",3,23,0,"2023111901",59325,NA,"202311190cle",NA,"401547539",NA,7,7,120,-142,2.5,-105,-115,34,-108,-112,1,"outdoors","grass",48,11,"00-0038102","00-0038583","Kenny Pickett","Dorian Thompson-Robinson","Mike Tomlin","Kevin Stefanski","Shawn Hochuli","CLE00","FirstEnergy Stadium"
"2023_11_CHI_DET",2023,"REG",11,"2023-11-19","Sunday","13:00","CHI",26,"DET",31,"Home",5,57,0,"2023111902",59326,NA,"202311190det",NA,"401547546",NA,10,7,340,-440,8,-110,-110,48,-110,-110,1,"dome","fieldturf",NA,NA,"00-0036945","00-0033106","Justin Fields","Jared Goff","Matt Eberflus","Dan Campbell","Scott Novak","DET00","Ford Field"
"2023_11_LAC_GB",2023,"REG",11,"2023-11-19","Sunday","13:00","LAC",20,"GB",23,"Home",3,43,0,"2023111903",59327,NA,"202311190gnb",NA,"401547547",NA,7,7,-162,136,-3,-110,-110,44,-108,-112,0,"outdoors","grass",45,5,"00-0036355","00-0036264","Justin Herbert","Jordan Love","Brandon Staley","Matt LaFleur","John Hussey","GNB00","Lambeau Field"
"2023_11_ARI_HOU",2023,"REG",11,"2023-11-19","Sunday","13:00","ARI",16,"HOU",21,"Home",5,37,0,"2023111904",59328,NA,"202311190htx",NA,"401547540",NA,7,7,205,-250,5.5,-108,-112,48,-110,-110,0,"closed","astroturf",NA,NA,"00-0035228","00-0039163","Kyler Murray","C.J. Stroud","Jonathan Gannon","DeMeco Ryans","Alex Kemp","HOU00","NRG Stadium"
"2023_11_TEN_JAX",2023,"REG",11,"2023-11-19","Sunday","13:00","TEN",14,"JAX",34,"Home",20,48,0,"2023111905",59329,NA,"202311190jax",NA,"401547541",NA,7,7,235,-290,6.5,-105,-115,40,-110,-110,1,"outdoors","grass",75,3,"00-0039152","00-0036971","Will Levis","Trevor Lawrence","Mike Vrabel","Doug Pederson","Brad Rogers","JAX00","TIAA Bank Stadium"
"2023_11_LV_MIA",2023,"REG",11,"2023-11-19","Sunday","13:00","LV",13,"MIA",20,"Home",7,33,0,"2023111906",59330,NA,"202311190mia",NA,"401547542",NA,7,14,700,-1100,14,-110,-110,44.5,-110,-110,0,"outdoors","grass",82,7,"00-0038579","00-0036212","Aidan O'Connell","Tua Tagovailoa","Antonio Pierce","Mike McDaniel","Bill Vinovich","MIA00","Hard Rock Stadium"
"2023_11_NYG_WAS",2023,"REG",11,"2023-11-19","Sunday","13:00","NYG",31,"WAS",19,"Home",-12,50,0,"2023111907",59331,NA,"202311190was",NA,"401547548",NA,7,7,310,-395,7.5,-110,-110,39,-110,-110,1,"outdoors","grass",56,7,"00-0038476","00-0037077","Tommy DeVito","Sam Howell","Brian Daboll","Ron Rivera","Brad Allen","WAS00","FedExField"
"2023_11_TB_SF",2023,"REG",11,"2023-11-19","Sunday","16:05","TB",14,"SF",27,"Home",13,41,0,"2023111908",59332,NA,"202311190sfo",NA,"401547549",NA,7,7,625,-950,13.5,-110,-110,41.5,-108,-112,0,"outdoors","grass",65,10,"00-0034855","00-0037834","Baker Mayfield","Brock Purdy","Todd Bowles","Kyle Shanahan","Craig Wrolstad","SFO01","Levi's Stadium"
"2023_11_NYJ_BUF",2023,"REG",11,"2023-11-19","Sunday","16:25","NYJ",6,"BUF",32,"Home",26,38,0,"2023111909",59333,NA,"202311190buf",NA,"401547543",NA,7,6,310,-395,8,-108,-112,39.5,-112,-108,1,"outdoors","a_turf",40,9,"00-0037013","00-0034857","Zach Wilson","Josh Allen","Robert Saleh","Sean McDermott","Alan Eck","BUF00","New Era Field"
"2023_11_SEA_LA",2023,"REG",11,"2023-11-19","Sunday","16:25","SEA",16,"LA",17,"Home",1,33,0,"2023111910",59334,NA,"202311190ram",NA,"401547544",NA,7,14,114,-135,2.5,-110,-110,45,-108,-112,1,"dome","matrixturf",NA,NA,"00-0030565","00-0026498","Geno Smith","Matthew Stafford","Pete Carroll","Sean McVay","Carl Cheffers","LAX01","SoFi Stadium"
"2023_11_MIN_DEN",2023,"REG",11,"2023-11-19","Sunday","20:20","MIN",20,"DEN",21,"Home",1,41,0,"2023111911",59335,NA,"202311190den",NA,"401547550",NA,7,6,120,-142,2.5,-102,-118,43.5,-115,-105,0,"outdoors","grass",53,3,"00-0033949","00-0029263","Joshua Dobbs","Russell Wilson","Kevin O'Connell","Sean Payton","Ron Torbert","DEN00","Empower Field at Mile High"
"2023_11_PHI_KC",2023,"REG",11,"2023-11-20","Monday","20:15","PHI",21,"KC",17,"Home",-4,38,0,"2023112000",59336,NA,"202311200kan",NA,"401547345",NA,15,15,124,-148,2.5,100,-120,46,-108,-112,0,"outdoors","grass",45,12,"00-0036389","00-0033873","Jalen Hurts","Patrick Mahomes","Nick Sirianni","Andy Reid","Shawn Smith","KAN00","GEHA Field at Arrowhead Stadium"
"2023_12_GB_DET",2023,"REG",12,"2023-11-23","Thursday","12:30","GB",29,"DET",22,"Home",-7,51,0,"2023112300",59337,NA,"202311230det",NA,"401547552",NA,4,4,330,-425,8.5,-105,-115,47,-108,-112,1,"dome","fieldturf",NA,NA,"00-0036264","00-0033106","Jordan Love","Jared Goff","Matt LaFleur","Dan Campbell","Carl Cheffers","DET00","Ford Field"
"2023_12_WAS_DAL",2023,"REG",12,"2023-11-23","Thursday","16:30","WAS",10,"DAL",45,"Home",35,55,0,"2023112301",59338,NA,"202311230dal",NA,"401547551",NA,4,4,550,-800,13,-110,-110,48,-112,-110,1,"closed","matrixturf",NA,NA,"00-0037077","00-0033077","Sam Howell","Dak Prescott","Ron Rivera","Mike McCarthy","Bill Vinovich","DAL00","AT&T Stadium"
"2023_12_SF_SEA",2023,"REG",12,"2023-11-23","Thursday","20:20","SF",31,"SEA",13,"Home",-18,44,0,"2023112302",59339,NA,"202311230sea",NA,"401547553",NA,4,4,-355,280,-7,-112,-108,43.5,-115,-105,1,"outdoors","fieldturf",39,4,"00-0037834","00-0030565","Brock Purdy","Geno Smith","Kyle Shanahan","Pete Carroll","Tra Blake","SEA00","Lumen Field"
"2023_12_MIA_NYJ",2023,"REG",12,"2023-11-24","Friday","15:00","MIA",34,"NYJ",13,"Home",-21,47,0,"2023112400",59340,NA,"202311240nyj",NA,"401547242",NA,5,5,-500,380,-9.5,-120,100,40,-110,-110,1,"outdoors","fieldturf",48,11,"00-0036212","00-0034177","Tua Tagovailoa","Tim Boyle","Mike McDaniel","Robert Saleh","John Hussey","NYC01","MetLife Stadium"
"2023_12_NO_ATL",2023,"REG",12,"2023-11-26","Sunday","13:00","NO",15,"ATL",24,"Home",9,39,0,"2023112600",59341,NA,"202311260atl",NA,"401547559",NA,14,14,-130,110,-2,-110,-110,42,-110,-110,1,"closed","fieldturf",NA,NA,"00-0031280","00-0038122","Derek Carr","Desmond Ridder","Dennis Allen","Arthur Smith","Brad Allen","ATL97","Mercedes-Benz Stadium"
"2023_12_PIT_CIN",2023,"REG",12,"2023-11-26","Sunday","13:00","PIT",16,"CIN",10,"Home",-6,26,0,"2023112601",59342,NA,"202311260cin",NA,"401547554",NA,7,10,-135,114,-2,-112,-108,36,-108,-112,1,"outdoors","fieldturf",48,9,"00-0038102","00-0035100","Kenny Pickett","Jake Browning","Mike Tomlin","Zac Taylor","Brad Rogers","CIN00","Paycor Stadium"
"2023_12_JAX_HOU",2023,"REG",12,"2023-11-26","Sunday","13:00","JAX",24,"HOU",21,"Home",-3,45,0,"2023112602",59343,NA,"202311260htx",NA,"401547555",NA,7,7,-115,-105,-1,-110,-110,48,-108,-112,1,"closed","astroturf",NA,NA,"00-0036971","00-0039163","Trevor Lawrence","C.J. Stroud","Doug Pederson","DeMeco Ryans","Clay Martin","HOU00","NRG Stadium"
"2023_12_TB_IND",2023,"REG",12,"2023-11-26","Sunday","13:00","TB",20,"IND",27,"Home",7,47,0,"2023112603",59344,NA,"202311260clt",NA,"401547556",NA,7,14,130,-155,2.5,-105,-115,45,-112,-108,0,"closed","fieldturf",NA,NA,"00-0034855","00-0035289","Baker Mayfield","Gardner Minshew","Todd Bowles","Shane Steichen","Clete Blakeman","IND00","Lucas Oil Stadium"
"2023_12_NE_NYG",2023,"REG",12,"2023-11-26","Sunday","13:00","NE",7,"NYG",10,"Home",3,17,0,"2023112604",59345,NA,"202311260nyg",NA,"401547560",NA,14,7,-218,180,-4.5,-108,-112,36.5,-105,-115,0,"outdoors","fieldturf",43,6,"00-0036972","00-0038476","Mac Jones","Tommy DeVito","Bill Belichick","Brian Daboll","Scott Novak","NYC01","MetLife Stadium"
"2023_12_CAR_TEN",2023,"REG",12,"2023-11-26","Sunday","13:00","CAR",10,"TEN",17,"Home",7,27,0,"2023112605",59346,NA,"202311260oti",NA,"401547561",NA,7,7,145,-175,3.5,-112,-105,36,-112,-108,0,"outdoors","grass",51,13,"00-0039150","00-0039152","Bryce Young","Will Levis","Frank Reich","Mike Vrabel","Ron Torbert","NAS00","Nissan Stadium"
"2023_12_LA_ARI",2023,"REG",12,"2023-11-26","Sunday","16:05","LA",37,"ARI",14,"Home",-23,51,0,"2023112606",59347,NA,"202311260crd",NA,"401547562",NA,7,7,-148,124,-3,-105,-115,45,-112,-108,1,"closed","grass",NA,NA,"00-0026498","00-0035228","Matthew Stafford","Kyler Murray","Sean McVay","Jonathan Gannon","Shawn Smith","PHO00","State Farm Stadium"
"2023_12_CLE_DEN",2023,"REG",12,"2023-11-26","Sunday","16:05","CLE",12,"DEN",29,"Home",17,41,0,"2023112607",59348,NA,"202311260den",NA,"401547563",NA,7,7,105,-125,1.5,-110,-110,37.5,-110,-110,0,"outdoors","grass",40,5,"00-0038583","00-0029263","Dorian Thompson-Robinson","Russell Wilson","Kevin Stefanski","Sean Payton","Adrian Hill","DEN00","Empower Field at Mile High"
"2023_12_KC_LV",2023,"REG",12,"2023-11-26","Sunday","16:25","KC",31,"LV",17,"Home",-14,48,0,"2023112608",59349,NA,"202311260rai",NA,"401547557",NA,6,7,-500,380,-9,-110,-110,42.5,-112,-108,1,"dome","grass",NA,NA,"00-0033873","00-0038579","Patrick Mahomes","Aidan O'Connell","Andy Reid","Antonio Pierce","Land Clark","VEG00","Allegiant Stadium"
"2023_12_BUF_PHI",2023,"REG",12,"2023-11-26","Sunday","16:25","BUF",34,"PHI",37,"Home",3,71,1,"2023112609",59350,NA,"202311260phi",NA,"401547558",NA,7,6,124,-148,2.5,-105,-115,49,-108,-112,0,"outdoors","grass",47,6,"00-0034857","00-0036389","Josh Allen","Jalen Hurts","Sean McDermott","Nick Sirianni","Shawn Hochuli","PHI00","Lincoln Financial Field"
"2023_12_BAL_LAC",2023,"REG",12,"2023-11-26","Sunday","20:20","BAL",20,"LAC",10,"Home",-10,30,0,"2023112610",59351,NA,"202311260sdg",NA,"401547564",NA,10,7,-170,142,-3,-115,-105,49,-110,-110,0,"dome","matrixturf",NA,NA,"00-0034796","00-0036355","Lamar Jackson","Justin Herbert","John Harbaugh","Brandon Staley","Alan Eck","LAX01","SoFi Stadium"
"2023_12_CHI_MIN",2023,"REG",12,"2023-11-27","Monday","20:15","CHI",12,"MIN",10,"Home",-2,22,0,"2023112700",59352,NA,"202311270min",NA,"401547565",NA,8,8,140,-166,3,-105,-115,43.5,-110,-110,1,"dome","sportturf",NA,NA,"00-0036945","00-0033949","Justin Fields","Joshua Dobbs","Matt Eberflus","Kevin O'Connell","Alex Kemp","MIN01","U.S. Bank Stadium"
"2023_13_SEA_DAL",2023,"REG",13,"2023-11-30","Thursday","20:15","SEA",35,"DAL",41,"Home",6,76,0,"2023113000",59353,NA,"202311300dal",NA,"401547566",NA,7,7,380,-500,9.5,-102,-118,47.5,-110,-110,0,"closed","matrixturf",NA,NA,"00-0030565","00-0033077","Geno Smith","Dak Prescott","Pete Carroll","Mike McCarthy","Clete Blakeman","DAL00","AT&T Stadium"
"2023_13_DEN_HOU",2023,"REG",13,"2023-12-03","Sunday","13:00","DEN",17,"HOU",22,"Home",5,39,0,"2023120307",59361,NA,"202312030htx",NA,"401547571",NA,7,7,142,-170,3.5,-122,102,47.5,-110,-110,0,"closed","astroturf",NA,NA,"00-0029263","00-0039163","Russell Wilson","C.J. Stroud","Sean Payton","DeMeco Ryans","Shawn Smith","HOU00","NRG Stadium"
"2023_13_LAC_NE",2023,"REG",13,"2023-12-03","Sunday","13:00","LAC",6,"NE",0,"Home",-6,6,0,"2023120300",59354,NA,"202312030nwe",NA,"401547567",NA,7,7,-225,185,-4.5,-110,-110,38.5,-108,-112,0,"outdoors","fieldturf",44,8,"00-0036355","00-0038108","Justin Herbert","Bailey Zappe","Brandon Staley","Bill Belichick","Bill Vinovich","BOS00","Gillette Stadium"
"2023_13_DET_NO",2023,"REG",13,"2023-12-03","Sunday","13:00","DET",33,"NO",28,"Home",-5,61,0,"2023120301",59355,NA,"202312030nor",NA,"401547572",NA,10,7,-198,164,-4,-110,-110,47.5,-108,-112,0,"dome","sportturf",NA,NA,"00-0033106","00-0031280","Jared Goff","Derek Carr","Dan Campbell","Dennis Allen","Clay Martin","NOR00","Mercedes-Benz Superdome"
"2023_13_ATL_NYJ",2023,"REG",13,"2023-12-03","Sunday","13:00","ATL",13,"NYJ",8,"Home",-5,21,0,"2023120302",59356,NA,"202312030nyj",NA,"401547573",NA,7,9,-125,105,-2,-108,-112,33,-110,-110,0,"outdoors","fieldturf",50,8,"00-0038122","00-0034177","Desmond Ridder","Tim Boyle","Arthur Smith","Robert Saleh","Ron Torbert","NYC01","MetLife Stadium"
"2023_13_ARI_PIT",2023,"REG",13,"2023-12-03","Sunday","13:00","ARI",24,"PIT",10,"Home",-14,34,0,"2023120303",59357,NA,"202312030pit",NA,"401547568",NA,7,7,230,-285,6,-105,-115,41,-112,-108,0,"outdoors","grass",56,12,"00-0035228","00-0038102","Kyler Murray","Kenny Pickett","Jonathan Gannon","Mike Tomlin","Land Clark","PIT00","Acrisure Stadium"
"2023_13_IND_TEN",2023,"REG",13,"2023-12-03","Sunday","13:00","IND",31,"TEN",28,"Home",-3,59,1,"2023120305",59359,NA,"202312030oti",NA,"401547570",NA,7,7,-122,102,-1.5,-110,-110,42,-108,-112,1,"outdoors","grass",53,13,"00-0035289","00-0039152","Gardner Minshew","Will Levis","Shane Steichen","Mike Vrabel","Craig Wrolstad","NAS00","Nissan Stadium"
"2023_13_MIA_WAS",2023,"REG",13,"2023-12-03","Sunday","13:00","MIA",45,"WAS",15,"Home",-30,60,0,"2023120306",59360,NA,"202312030was",NA,"401547574",NA,9,10,-455,350,-8.5,-112,-108,50,-110,-110,0,"outdoors","grass",53,2,"00-0036212","00-0037077","Tua Tagovailoa","Sam Howell","Mike McDaniel","Ron Rivera","Tra Blake","WAS00","FedExField"
"2023_13_CAR_TB",2023,"REG",13,"2023-12-03","Sunday","16:05","CAR",18,"TB",21,"Home",3,39,0,"2023120304",59358,NA,"202312030tam",NA,"401547569",NA,7,7,164,-198,4,-110,-110,37,-110,-110,1,"outdoors","grass",81,8,"00-0039150","00-0034855","Bryce Young","Baker Mayfield","Chris Tabor","Todd Bowles","Brad Rogers","TAM00","Raymond James Stadium"
"2023_13_CLE_LA",2023,"REG",13,"2023-12-03","Sunday","16:25","CLE",19,"LA",36,"Home",17,55,0,"2023120308",59362,NA,"202312030ram",NA,"401547575",NA,7,7,160,-192,3.5,-110,-110,39.5,-110,-110,0,"dome","matrixturf",NA,NA,"00-0026158","00-0026498","Joe Flacco","Matthew Stafford","Kevin Stefanski","Sean McVay","John Hussey","LAX01","SoFi Stadium"
"2023_13_SF_PHI",2023,"REG",13,"2023-12-03","Sunday","16:25","SF",42,"PHI",19,"Home",-23,61,0,"2023120309",59363,NA,"202312030phi",NA,"401547276",NA,10,7,-148,124,-3,-105,-115,46.5,-108,-112,0,"outdoors","grass",52,44,"00-0037834","00-0036389","Brock Purdy","Jalen Hurts","Kyle Shanahan","Nick Sirianni","Alex Kemp","PHI00","Lincoln Financial Field"
"2023_13_KC_GB",2023,"REG",13,"2023-12-03","Sunday","20:20","KC",19,"GB",27,"Home",8,46,0,"2023120310",59364,NA,"202312030gnb",NA,"401547576",NA,7,10,-265,215,-5.5,-118,-102,43.5,-105,-115,0,"outdoors","grass",31,9,"00-0033873","00-0036264","Patrick Mahomes","Jordan Love","Andy Reid","Matt LaFleur","Brad Allen","GNB00","Lambeau Field"
"2023_13_CIN_JAX",2023,"REG",13,"2023-12-04","Monday","20:15","CIN",34,"JAX",31,"Home",-3,65,1,"2023120400",59365,NA,"202312040jax",NA,"401547577",NA,8,8,410,-550,10,-105,-115,41,-105,-115,0,"outdoors","grass",61,4,"00-0035100","00-0036971","Jake Browning","Trevor Lawrence","Zac Taylor","Doug Pederson","Scott Novak","JAX00","TIAA Bank Stadium"
"2023_14_NE_PIT",2023,"REG",14,"2023-12-07","Thursday","20:15","NE",21,"PIT",18,"Home",-3,39,0,"2023120700",59366,NA,"202312070pit",NA,"401547578",NA,4,4,220,-270,6,-118,-102,30,-105,-115,0,"outdoors","grass",42,5,"00-0038108","00-0033869","Bailey Zappe","Mitchell Trubisky","Bill Belichick","Mike Tomlin","Clay Martin","PIT00","Acrisure Stadium"
"2023_14_TB_ATL",2023,"REG",14,"2023-12-10","Sunday","13:00","TB",29,"ATL",25,"Home",-4,54,0,"2023121000",59367,NA,"202312100atl",NA,"401547579",NA,7,7,105,-125,1.5,-108,-112,41.5,-110,-110,1,"closed","fieldturf",NA,NA,"00-0034855","00-0038122","Baker Mayfield","Desmond Ridder","Todd Bowles","Arthur Smith","Alex Kemp","ATL97","Mercedes-Benz Stadium"
"2023_14_LA_BAL",2023,"REG",14,"2023-12-10","Sunday","13:00","LA",31,"BAL",37,"Home",6,68,1,"2023121001",59368,NA,"202312100rav",NA,"401547585",NA,7,14,285,-360,7.5,-115,-105,42,-110,-110,0,"outdoors","grass",57,5,"00-0026498","00-0034796","Matthew Stafford","Lamar Jackson","Sean McVay","John Harbaugh","Scott Novak","BAL00","M&T Bank Stadium"
"2023_14_DET_CHI",2023,"REG",14,"2023-12-10","Sunday","13:00","DET",13,"CHI",28,"Home",15,41,0,"2023121002",59369,NA,"202312100chi",NA,"401547586",NA,7,13,-170,142,-3,-120,100,44.5,-110,-110,1,"outdoors","grass",36,12,"00-0033106","00-0036945","Jared Goff","Justin Fields","Dan Campbell","Matt Eberflus","Tra Blake","CHI98","Soldier Field"
"2023_14_IND_CIN",2023,"REG",14,"2023-12-10","Sunday","13:00","IND",14,"CIN",34,"Home",20,48,0,"2023121003",59370,NA,"202312100cin",NA,"401547580",NA,7,6,124,-148,3,-118,-102,45,-110,-110,0,"outdoors","fieldturf",40,9,"00-0035289","00-0035100","Gardner Minshew","Jake Browning","Shane Steichen","Zac Taylor","Shawn Hochuli","CIN00","Paycor Stadium"
"2023_14_JAX_CLE",2023,"REG",14,"2023-12-10","Sunday","13:00","JAX",27,"CLE",31,"Home",4,58,0,"2023121004",59371,NA,"202312100cle",NA,"401547581",NA,6,7,120,-142,2.5,-108,-112,37.5,-110,-110,0,"outdoors","grass",39,11,"00-0036971","00-0026158","Trevor Lawrence","Joe Flacco","Doug Pederson","Kevin Stefanski","Ron Torbert","CLE00","FirstEnergy Stadium"
"2023_14_CAR_NO",2023,"REG",14,"2023-12-10","Sunday","13:00","CAR",6,"NO",28,"Home",22,34,0,"2023121005",59372,NA,"202312100nor",NA,"401547587",NA,7,7,200,-245,5.5,-110,-110,39,-110,-110,1,"dome","sportturf",NA,NA,"00-0039150","00-0031280","Bryce Young","Derek Carr","Chris Tabor","Dennis Allen","Alan Eck","NOR00","Mercedes-Benz Superdome"
"2023_14_HOU_NYJ",2023,"REG",14,"2023-12-10","Sunday","13:00","HOU",6,"NYJ",30,"Home",24,36,0,"2023121006",59373,NA,"202312100nyj",NA,"401547582",NA,7,7,-175,145,-3.5,-108,-112,33.5,-110,-110,0,"outdoors","fieldturf",58,7,"00-0039163","00-0037013","C.J. Stroud","Zach Wilson","DeMeco Ryans","Robert Saleh","Brad Allen","NYC01","MetLife Stadium"
"2023_14_MIN_LV",2023,"REG",14,"2023-12-10","Sunday","16:05","MIN",3,"LV",0,"Home",-3,3,0,"2023121007",59374,NA,"202312100rai",NA,"401547588",NA,13,14,-155,130,-3,-108,-112,40.5,-108,-112,0,"dome","grass",NA,NA,"00-0033949","00-0038579","Joshua Dobbs","Aidan O'Connell","Kevin O'Connell","Antonio Pierce","Craig Wrolstad","VEG00","Allegiant Stadium"
"2023_14_SEA_SF",2023,"REG",14,"2023-12-10","Sunday","16:05","SEA",16,"SF",28,"Home",12,44,0,"2023121008",59375,NA,"202312100sfo",NA,"401547589",NA,10,7,650,-1000,14.5,-110,-110,44.5,-110,-110,1,"outdoors","grass",63,5,"00-0035704","00-0037834","Drew Lock","Brock Purdy","Pete Carroll","Kyle Shanahan","Brad Rogers","SFO01","Levi's Stadium"
"2023_14_BUF_KC",2023,"REG",14,"2023-12-10","Sunday","16:25","BUF",20,"KC",17,"Home",-3,37,0,"2023121009",59376,NA,"202312100kan",NA,"401547583",NA,14,7,105,-125,2,-110,-110,49.5,-110,-110,0,"outdoors","grass",45,5,"00-0034857","00-0033873","Josh Allen","Patrick Mahomes","Sean McDermott","Andy Reid","Carl Cheffers","KAN00","GEHA Field at Arrowhead Stadium"
"2023_14_DEN_LAC",2023,"REG",14,"2023-12-10","Sunday","16:25","DEN",24,"LAC",7,"Home",-17,31,0,"2023121010",59377,NA,"202312100sdg",NA,"401547584",NA,7,7,136,-162,3,-112,-108,45,-110,-110,1,"dome","matrixturf",NA,NA,"00-0029263","00-0036355","Russell Wilson","Justin Herbert","Sean Payton","Brandon Staley","Clete Blakeman","LAX01","SoFi Stadium"
"2023_14_PHI_DAL",2023,"REG",14,"2023-12-10","Sunday","20:20","PHI",13,"DAL",33,"Home",20,46,0,"2023121011",59378,NA,"202312100dal",NA,"401547590",NA,7,10,145,-175,3.5,-118,-102,52.5,-110,-110,1,"closed","matrixturf",NA,NA,"00-0036389","00-0033077","Jalen Hurts","Dak Prescott","Nick Sirianni","Mike McCarthy","John Hussey","DAL00","AT&T Stadium"
"2023_14_TEN_MIA",2023,"REG",14,"2023-12-11","Monday","20:15","TEN",28,"MIA",27,"Home",-1,55,0,"2023121100",59379,NA,"202312110mia",NA,"401547592",NA,8,8,625,-950,14,-110,-110,45,-110,-112,0,"outdoors","grass",64,9,"00-0039152","00-0036212","Will Levis","Tua Tagovailoa","Mike Vrabel","Mike McDaniel","Adrian Hill","MIA00","Hard Rock Stadium"
"2023_14_GB_NYG",2023,"REG",14,"2023-12-11","Monday","20:15","GB",22,"NYG",24,"Home",2,46,0,"2023121101",59380,NA,"202312110nyg",NA,"401547591",NA,8,15,-265,215,-6,-112,-108,37.5,-110,-110,0,"outdoors","fieldturf",39,14,"00-0036264","00-0038476","Jordan Love","Tommy DeVito","Matt LaFleur","Brian Daboll","Land Clark","NYC01","MetLife Stadium"
"2023_15_LAC_LV",2023,"REG",15,"2023-12-14","Thursday","20:15","LAC",21,"LV",63,"Home",42,84,0,"2023121400",59381,NA,"202312140rai",NA,"401547593",NA,4,4,136,-162,3,-110,-110,36,-110,-110,1,"dome","grass",NA,NA,"00-0035282","00-0038579","Easton Stick","Aidan O'Connell","Brandon Staley","Antonio Pierce","Ron Torbert","VEG00","Allegiant Stadium"
"2023_15_MIN_CIN",2023,"REG",15,"2023-12-16","Saturday","13:00","MIN",24,"CIN",27,"Home",3,51,1,"2023121600",59383,NA,"202312160cin",NA,"401547604",NA,6,6,145,-175,3,-105,-115,41.5,-110,-110,0,"outdoors","fieldturf",53,5,"00-0033319","00-0035100","Nick Mullens","Jake Browning","Kevin O'Connell","Zac Taylor","Bill Vinovich","CIN00","Paycor Stadium"
"2023_15_PIT_IND",2023,"REG",15,"2023-12-16","Saturday","16:30","PIT",13,"IND",30,"Home",17,43,0,"2023121601",59386,NA,"202312160clt",NA,"401547607",NA,9,6,102,-122,1.5,-110,-110,41.5,-110,-110,0,"closed","fieldturf",NA,NA,"00-0033869","00-0035289","Mitchell Trubisky","Gardner Minshew","Mike Tomlin","Shane Steichen","Adrian Hill","IND00","Lucas Oil Stadium"
"2023_15_DEN_DET",2023,"REG",15,"2023-12-16","Saturday","20:15","DEN",17,"DET",42,"Home",25,59,0,"2023121602",59385,NA,"202312160det",NA,"401547606",NA,6,6,210,-258,5.5,-108,-112,49,-108,-112,0,"dome","fieldturf",NA,NA,"00-0029263","00-0033106","Russell Wilson","Jared Goff","Sean Payton","Dan Campbell","John Hussey","DET00","Ford Field"
"2023_15_ATL_CAR",2023,"REG",15,"2023-12-17","Sunday","13:00","ATL",7,"CAR",9,"Home",2,16,0,"2023121709",59382,NA,"202312170car",NA,"401547603",NA,7,7,-155,130,-3,-102,-118,32,-110,-110,1,"outdoors","grass",47,11,"00-0038122","00-0039150","Desmond Ridder","Bryce Young","Arthur Smith","Chris Tabor","Land Clark","CAR00","Bank of America Stadium"
"2023_15_CHI_CLE",2023,"REG",15,"2023-12-17","Sunday","13:00","CHI",17,"CLE",20,"Home",3,37,0,"2023121710",59384,NA,"202312170cle",NA,"401547605",NA,7,7,124,-148,3,-120,100,38,-110,-110,0,"outdoors","grass",45,15,"00-0036945","00-0026158","Justin Fields","Joe Flacco","Matt Eberflus","Kevin Stefanski","Brad Allen","CLE00","FirstEnergy Stadium"
"2023_15_TB_GB",2023,"REG",15,"2023-12-17","Sunday","13:00","TB",34,"GB",20,"Home",-14,54,0,"2023121700",59387,NA,"202312170gnb",NA,"401547598",NA,7,6,180,-218,4,-110,-110,41.5,-110,-110,0,"outdoors","grass",42,8,"00-0034855","00-0036264","Baker Mayfield","Jordan Love","Todd Bowles","Matt LaFleur","Tra Blake","GNB00","Lambeau Field"
"2023_15_NYJ_MIA",2023,"REG",15,"2023-12-17","Sunday","13:00","NYJ",0,"MIA",30,"Home",30,30,0,"2023121701",59388,NA,"202312170mia",NA,"401547594",NA,7,6,275,-345,7.5,-115,-105,36,-110,-110,1,"outdoors","grass",76,15,"00-0037013","00-0036212","Zach Wilson","Tua Tagovailoa","Robert Saleh","Mike McDaniel","Brad Rogers","MIA00","Hard Rock Stadium"
"2023_15_KC_NE",2023,"REG",15,"2023-12-17","Sunday","13:00","KC",27,"NE",17,"Home",-10,44,0,"2023121711",59396,NA,"202312170nwe",NA,"401547608",NA,7,10,-485,370,-10,-112,-108,39.5,-110,-110,0,"outdoors","fieldturf",53,7,"00-0033873","00-0038108","Patrick Mahomes","Bailey Zappe","Andy Reid","Bill Belichick","Shawn Hochuli","BOS00","Gillette Stadium"
"2023_15_NYG_NO",2023,"REG",15,"2023-12-17","Sunday","13:00","NYG",6,"NO",24,"Home",18,30,0,"2023121702",59389,NA,"202312170nor",NA,"401547599",NA,6,7,205,-250,6,-108,-112,39.5,-110,-110,0,"dome","sportturf",NA,NA,"00-0038476","00-0031280","Tommy DeVito","Derek Carr","Brian Daboll","Dennis Allen","Carl Cheffers","NOR00","Mercedes-Benz Superdome"
"2023_15_HOU_TEN",2023,"REG",15,"2023-12-17","Sunday","13:00","HOU",19,"TEN",16,"Home",-3,35,1,"2023121703",59390,NA,"202312170oti",NA,"401547595",NA,7,6,142,-170,3,100,-120,38,-108,-112,1,"outdoors","grass",48,9,"00-0028986","00-0039152","Case Keenum","Will Levis","DeMeco Ryans","Mike Vrabel","Clete Blakeman","NAS00","Nissan Stadium"
"2023_15_SF_ARI",2023,"REG",15,"2023-12-17","Sunday","16:05","SF",45,"ARI",29,"Home",-16,74,0,"2023121704",59391,NA,"202312170crd",NA,"401547596",NA,7,14,-750,525,-12.5,-110,-110,48,-110,-110,1,"open","grass",NA,NA,"00-0037834","00-0035228","Brock Purdy","Kyler Murray","Kyle Shanahan","Jonathan Gannon","Scott Novak","PHO00","State Farm Stadium"
"2023_15_WAS_LA",2023,"REG",15,"2023-12-17","Sunday","16:05","WAS",20,"LA",28,"Home",8,48,0,"2023121705",59392,NA,"202312170ram",NA,"401547597",NA,14,7,240,-298,6.5,-108,-112,48.5,-110,-110,0,"dome","matrixturf",NA,NA,"00-0037077","00-0026498","Sam Howell","Matthew Stafford","Ron Rivera","Sean McVay","Alan Eck","LAX01","SoFi Stadium"
"2023_15_DAL_BUF",2023,"REG",15,"2023-12-17","Sunday","16:25","DAL",10,"BUF",31,"Home",21,41,0,"2023121706",59393,NA,"202312170buf",NA,"401547600",NA,7,7,114,-135,2,-108,-112,49.5,-110,-110,0,"outdoors","a_turf",48,9,"00-0033077","00-0034857","Dak Prescott","Josh Allen","Mike McCarthy","Sean McDermott","Craig Wrolstad","BUF00","New Era Field"
"2023_15_BAL_JAX",2023,"REG",15,"2023-12-17","Sunday","20:20","BAL",23,"JAX",7,"Home",-16,30,0,"2023121708",59395,NA,"202312170jax",NA,"401547602",NA,7,7,-225,185,-4,-110,-110,42.5,-108,-112,0,"outdoors","grass",58,13,"00-0034796","00-0036971","Lamar Jackson","Trevor Lawrence","John Harbaugh","Doug Pederson","Shawn Smith","JAX00","TIAA Bank Stadium"
"2023_15_PHI_SEA",2023,"REG",15,"2023-12-18","Monday","20:15","PHI",17,"SEA",20,"Home",3,37,0,"2023121801",59394,NA,"202312180sea",NA,"401547601",NA,8,8,-238,195,-5,-120,100,46,-112,-108,0,"outdoors","fieldturf",46,2,"00-0036389","00-0035704","Jalen Hurts","Drew Lock","Nick Sirianni","Pete Carroll","Clay Martin","SEA00","Lumen Field"
"2023_16_NO_LA",2023,"REG",16,"2023-12-21","Thursday","20:15","NO",22,"LA",30,"Home",8,52,0,"2023122100",59397,NA,"202312210ram",NA,"401547609",NA,4,4,180,-218,4,100,-120,45.5,-112,-108,0,"dome","matrixturf",NA,NA,"00-0031280","00-0026498","Derek Carr","Matthew Stafford","Dennis Allen","Sean McVay","Brad Rogers","LAX01","SoFi Stadium"
"2023_16_CIN_PIT",2023,"REG",16,"2023-12-23","Saturday","16:30","CIN",11,"PIT",34,"Home",23,45,0,"2023122300",59398,NA,"202312230pit",NA,"401547610",NA,7,7,-155,130,-3,-105,-115,39.5,-110,-110,1,"outdoors","grass",49,5,"00-0035100","00-0034771","Jake Browning","Mason Rudolph","Zac Taylor","Mike Tomlin","Craig Wrolstad","PIT00","Acrisure Stadium"
"2023_16_BUF_LAC",2023,"REG",16,"2023-12-23","Saturday","20:00","BUF",24,"LAC",22,"Home",-2,46,0,"2023122301",59399,NA,"202312230sdg",NA,"401547611",NA,6,9,-800,550,-13,-105,-115,44.5,-115,-105,0,"dome","matrixturf",NA,NA,"00-0034857","00-0035282","Josh Allen","Easton Stick","Sean McDermott","Giff Smith","Adrian Hill","LAX01","SoFi Stadium"
"2023_16_IND_ATL",2023,"REG",16,"2023-12-24","Sunday","13:00","IND",10,"ATL",29,"Home",19,39,0,"2023122402",59400,NA,"202312240atl",NA,"401547616",NA,8,7,130,-155,3,-115,-105,44,-105,-115,0,"closed","fieldturf",NA,NA,"00-0035289","00-0031800","Gardner Minshew","Taylor Heinicke","Shane Steichen","Arthur Smith","Alan Eck","ATL97","Mercedes-Benz Stadium"
"2023_16_GB_CAR",2023,"REG",16,"2023-12-24","Sunday","13:00","GB",33,"CAR",30,"Home",-3,63,0,"2023122403",59401,NA,"202312240car",NA,"401547617",NA,7,7,-198,164,-3.5,-112,-108,39.5,-110,-110,0,"outdoors","grass",67,1,"00-0036264","00-0039150","Jordan Love","Bryce Young","Matt LaFleur","Chris Tabor","Alex Kemp","CAR00","Bank of America Stadium"
"2023_16_CLE_HOU",2023,"REG",16,"2023-12-24","Sunday","13:00","CLE",36,"HOU",22,"Home",-14,58,0,"2023122404",59402,NA,"202312240htx",NA,"401547612",NA,7,7,-162,136,-3,-110,-110,40,-110,-110,0,"closed","astroturf",NA,NA,"00-0026158","00-0028986","Joe Flacco","Case Keenum","Kevin Stefanski","DeMeco Ryans","Tra Blake","HOU00","NRG Stadium"
"2023_16_DET_MIN",2023,"REG",16,"2023-12-24","Sunday","13:00","DET",30,"MIN",24,"Home",-6,54,0,"2023122405",59403,NA,"202312240min",NA,"401547618",NA,8,8,-148,124,-2.5,-125,105,47.5,-102,-118,1,"dome","sportturf",NA,NA,"00-0033106","00-0033319","Jared Goff","Nick Mullens","Dan Campbell","Kevin O'Connell","Land Clark","MIN01","U.S. Bank Stadium"
"2023_16_WAS_NYJ",2023,"REG",16,"2023-12-24","Sunday","13:00","WAS",28,"NYJ",30,"Home",2,58,0,"2023122406",59404,NA,"202312240nyj",NA,"401547613",NA,7,7,140,-166,3,-108,-112,36.5,-110,-110,0,"outdoors","fieldturf",45,2,"00-0037077","00-0032156","Sam Howell","Trevor Siemian","Ron Rivera","Robert Saleh","Clay Martin","NYC01","MetLife Stadium"
"2023_16_SEA_TEN",2023,"REG",16,"2023-12-24","Sunday","13:00","SEA",20,"TEN",17,"Home",-3,37,0,"2023122407",59405,NA,"202312240oti",NA,"401547614",NA,6,7,-166,140,-3,-110,-110,42,-108,-112,0,"outdoors","grass",61,4,"00-0030565","00-0029701","Geno Smith","Ryan Tannehill","Pete Carroll","Mike Vrabel","Shawn Smith","NAS00","Nissan Stadium"
"2023_16_JAX_TB",2023,"REG",16,"2023-12-24","Sunday","16:05","JAX",12,"TB",30,"Home",18,42,0,"2023122408",59406,NA,"202312240tam",NA,"401547615",NA,7,7,-125,105,-2,-110,-110,43,-108,-112,0,"outdoors","grass",72,11,"00-0036971","00-0034855","Trevor Lawrence","Baker Mayfield","Doug Pederson","Todd Bowles","Brad Allen","TAM00","Raymond James Stadium"
"2023_16_ARI_CHI",2023,"REG",16,"2023-12-24","Sunday","16:25","ARI",16,"CHI",27,"Home",11,43,0,"2023122409",59407,NA,"202312240chi",NA,"401547619",NA,7,7,180,-218,4.5,-110,-110,42,-105,-115,0,"outdoors","grass",52,4,"00-0035228","00-0036945","Kyler Murray","Justin Fields","Jonathan Gannon","Matt Eberflus","John Hussey","CHI98","Soldier Field"
"2023_16_DAL_MIA",2023,"REG",16,"2023-12-24","Sunday","16:25","DAL",20,"MIA",22,"Home",2,42,0,"2023122410",59408,NA,"202312240mia",NA,"401547620",NA,7,7,102,-122,1.5,-110,-110,48.5,100,-120,0,"outdoors","grass",75,15,"00-0033077","00-0036212","Dak Prescott","Tua Tagovailoa","Mike McCarthy","Mike McDaniel","Shawn Hochuli","MIA00","Hard Rock Stadium"
"2023_16_NE_DEN",2023,"REG",16,"2023-12-24","Sunday","20:15","NE",26,"DEN",23,"Home",-3,49,0,"2023122411",59409,NA,"202312240den",NA,"401547621",NA,7,8,270,-340,7,-110,-110,37.5,-110,-110,0,"outdoors","grass",28,9,"00-0038108","00-0029263","Bailey Zappe","Russell Wilson","Bill Belichick","Sean Payton","Carl Cheffers","DEN00","Empower Field at Mile High"
"2023_16_LV_KC",2023,"REG",16,"2023-12-25","Monday","13:00","LV",20,"KC",14,"Home",-6,34,0,"2023122500",59410,NA,"202312250kan",NA,"401547351",NA,11,8,440,-600,11,-102,-118,40.5,-110,-110,1,"outdoors","grass",38,11,"00-0038579","00-0033873","Aidan O'Connell","Patrick Mahomes","Antonio Pierce","Andy Reid","Clete Blakeman","KAN00","GEHA Field at Arrowhead Stadium"
"2023_16_NYG_PHI",2023,"REG",16,"2023-12-25","Monday","16:30","NYG",25,"PHI",33,"Home",8,58,0,"2023122501",59411,NA,"202312250phi",NA,"401547241",NA,8,7,600,-900,14,-112,-108,41,-108,-112,1,"outdoors","grass",51,5,"00-0038476","00-0036389","Tommy DeVito","Jalen Hurts","Brian Daboll","Nick Sirianni","Ron Torbert","PHI00","Lincoln Financial Field"
"2023_16_BAL_SF",2023,"REG",16,"2023-12-25","Monday","20:15","BAL",33,"SF",19,"Home",-14,52,0,"2023122502",59412,NA,"202312250sfo",NA,"401547622",NA,8,8,275,-345,6.5,-105,-115,47.5,-112,-108,0,"outdoors","grass",56,8,"00-0034796","00-0037834","Lamar Jackson","Brock Purdy","John Harbaugh","Kyle Shanahan","Bill Vinovich","SFO01","Levi's Stadium"
"2023_17_NYJ_CLE",2023,"REG",17,"2023-12-28","Thursday","20:15","NYJ",20,"CLE",37,"Home",17,57,0,"2023122800",59413,NA,"202312280cle",NA,"401547623",NA,4,4,270,-345,6.5,-105,-115,33.5,-110,-110,0,"outdoors","grass",47,6,"00-0032156","00-0026158","Trevor Siemian","Joe Flacco","Robert Saleh","Kevin Stefanski","Alex Kemp","CLE00","FirstEnergy Stadium"
"2023_17_DET_DAL",2023,"REG",17,"2023-12-30","Saturday","20:15","DET",19,"DAL",20,"Home",1,39,0,"2023123000",59414,NA,"202312300dal",NA,"401547624",NA,6,6,195,-238,5.5,-110,-110,53,-110,-110,0,"closed","matrixturf",NA,NA,"00-0033106","00-0033077","Jared Goff","Dak Prescott","Dan Campbell","Mike McCarthy","Brad Allen","DAL00","AT&T Stadium"
"2023_17_MIA_BAL",2023,"REG",17,"2023-12-31","Sunday","13:00","MIA",19,"BAL",56,"Home",37,75,0,"2023123101",59415,NA,"202312310rav",NA,"401547625",NA,7,6,150,-180,3,100,-120,47,-108,-112,0,"outdoors","grass",50,7,"00-0036212","00-0034796","Tua Tagovailoa","Lamar Jackson","Mike McDaniel","John Harbaugh","Clete Blakeman","BAL00","M&T Bank Stadium"
"2023_17_NE_BUF",2023,"REG",17,"2023-12-31","Sunday","13:00","NE",21,"BUF",27,"Home",6,48,0,"2023123102",59416,NA,"202312310buf",NA,"401547626",NA,7,8,750,-1200,15,-110,-110,40,-108,-112,1,"outdoors","a_turf",35,4,"00-0038108","00-0034857","Bailey Zappe","Josh Allen","Bill Belichick","Sean McDermott","Alan Eck","BUF00","New Era Field"
"2023_17_ATL_CHI",2023,"REG",17,"2023-12-31","Sunday","13:00","ATL",17,"CHI",37,"Home",20,54,0,"2023123103",59417,NA,"202312310chi",NA,"401547627",NA,7,7,130,-155,3,-115,-105,39,-110,-110,0,"outdoors","grass",32,5,"00-0031800","00-0036945","Taylor Heinicke","Justin Fields","Arthur Smith","Matt Eberflus","Adrian Hill","CHI98","Soldier Field"
"2023_17_TEN_HOU",2023,"REG",17,"2023-12-31","Sunday","13:00","TEN",3,"HOU",26,"Home",23,29,0,"2023123104",59418,NA,"202312310htx",NA,"401547631",NA,7,7,190,-230,5,-105,-115,44,-108,-112,1,"closed","astroturf",NA,NA,"00-0039152","00-0039163","Will Levis","C.J. Stroud","Mike Vrabel","DeMeco Ryans","Scott Novak","HOU00","NRG Stadium"
"2023_17_LV_IND",2023,"REG",17,"2023-12-31","Sunday","13:00","LV",20,"IND",23,"Home",3,43,0,"2023123105",59419,NA,"202312310clt",NA,"401547628",NA,6,7,150,-180,3.5,-110,-110,42.5,-105,-115,0,"closed","fieldturf",NA,NA,"00-0038579","00-0035289","Aidan O'Connell","Gardner Minshew","Antonio Pierce","Shane Steichen","Shawn Smith","IND00","Lucas Oil Stadium"
"2023_17_CAR_JAX",2023,"REG",17,"2023-12-31","Sunday","13:00","CAR",0,"JAX",26,"Home",26,26,0,"2023123106",59420,NA,"202312310jax",NA,"401547629",NA,7,7,160,-192,3.5,-110,-110,38,-110,-110,0,"outdoors","grass",56,8,"00-0039150","00-0033936","Bryce Young","C.J. Beathard","Chris Tabor","Doug Pederson","Carl Cheffers","JAX00","TIAA Bank Stadium"
"2023_17_LA_NYG",2023,"REG",17,"2023-12-31","Sunday","13:00","LA",26,"NYG",25,"Home",-1,51,0,"2023123107",59421,NA,"202312310nyg",NA,"401547632",NA,10,6,-298,240,-6,-112,-108,43.5,-108,-112,0,"outdoors","fieldturf",41,10,"00-0026498","00-0028118","Matthew Stafford","Tyrod Taylor","Sean McVay","Brian Daboll","Tra Blake","NYC01","MetLife Stadium"
"2023_17_ARI_PHI",2023,"REG",17,"2023-12-31","Sunday","13:00","ARI",35,"PHI",31,"Home",-4,66,0,"2023123108",59422,NA,"202312310phi",NA,"401547633",NA,7,6,525,-750,12,-110,-110,48,-110,-110,0,"outdoors","grass",45,9,"00-0035228","00-0036389","Kyler Murray","Jalen Hurts","Jonathan Gannon","Nick Sirianni","Bill Vinovich","PHI00","Lincoln Financial Field"
"2023_17_NO_TB",2023,"REG",17,"2023-12-31","Sunday","13:00","NO",23,"TB",13,"Home",-10,36,0,"2023123109",59423,NA,"202312310tam",NA,"401547634",NA,10,7,124,-148,2.5,100,-120,42.5,-112,-108,1,"outdoors","grass",66,5,"00-0031280","00-0034855","Derek Carr","Baker Mayfield","Dennis Allen","Todd Bowles","Land Clark","TAM00","Raymond James Stadium"
"2023_17_SF_WAS",2023,"REG",17,"2023-12-31","Sunday","13:00","SF",27,"WAS",10,"Home",-17,37,0,"2023123110",59424,NA,"202312310was",NA,"401547635",NA,6,7,-1050,675,-14,-115,-105,49,-112,-108,0,"outdoors","grass",48,7,"00-0037834","00-0037077","Brock Purdy","Sam Howell","Kyle Shanahan","Ron Rivera","Ron Torbert","WAS00","FedExField"
"2023_17_PIT_SEA",2023,"REG",17,"2023-12-31","Sunday","16:05","PIT",30,"SEA",23,"Home",-7,53,0,"2023123111",59425,NA,"202312310sea",NA,"401547636",NA,8,7,185,-225,4.5,-110,-110,40.5,-108,-112,0,"outdoors","fieldturf",47,4,"00-0034771","00-0030565","Mason Rudolph","Geno Smith","Mike Tomlin","Pete Carroll","Shawn Hochuli","SEA00","Lumen Field"
"2023_17_LAC_DEN",2023,"REG",17,"2023-12-31","Sunday","16:25","LAC",9,"DEN",16,"Home",7,25,0,"2023123112",59426,NA,"202312310den",NA,"401547630",NA,8,7,164,-198,3.5,-108,-112,39.5,-110,-110,1,"outdoors","grass",41,6,"00-0035282","00-0035264","Easton Stick","Jarrett Stidham","Giff Smith","Sean Payton","Craig Wrolstad","DEN00","Empower Field at Mile High"
"2023_17_CIN_KC",2023,"REG",17,"2023-12-31","Sunday","16:25","CIN",17,"KC",25,"Home",8,42,0,"2023123113",59427,NA,"202312310kan",NA,"401547235",NA,8,6,275,-345,7.5,-115,-105,46,-112,-108,0,"outdoors","grass",36,12,"00-0035100","00-0033873","Jake Browning","Patrick Mahomes","Zac Taylor","Andy Reid","John Hussey","KAN00","GEHA Field at Arrowhead Stadium"
"2023_17_GB_MIN",2023,"REG",17,"2023-12-31","Sunday","20:20","GB",33,"MIN",10,"Home",-23,43,0,"2023123114",59428,NA,"202312310min",NA,"401547637",NA,7,7,-108,-112,1,-112,-108,42.5,-112,-108,1,"dome","sportturf",NA,NA,"00-0036264","00-0038598","Jordan Love","Jaren Hall","Matt LaFleur","Kevin O'Connell","Clay Martin","MIN01","U.S. Bank Stadium"
"2023_18_PIT_BAL",2023,"REG",18,"2024-01-06","Saturday","16:30","PIT",17,"BAL",10,"Home",-7,27,0,"2024010600",59430,NA,"202401060rav",NA,"401547639",NA,6,6,-155,130,-3,-105,-115,34,-110,-110,1,"outdoors","grass",38,15,"00-0034771","00-0035993","Mason Rudolph","Tyler Huntley","Mike Tomlin","John Harbaugh","Brad Allen","BAL00","M&T Bank Stadium"
"2023_18_HOU_IND",2023,"REG",18,"2024-01-06","Saturday","20:15","HOU",23,"IND",19,"Home",-4,42,0,"2024010601",59435,NA,"202401060clt",NA,"401547644",NA,6,6,-125,105,-1.5,-110,-110,47.5,-108,-112,1,"closed","fieldturf",NA,NA,"00-0039163","00-0035289","C.J. Stroud","Gardner Minshew","DeMeco Ryans","Shane Steichen","Bill Vinovich","IND00","Lucas Oil Stadium"
"2023_18_TB_CAR",2023,"REG",18,"2024-01-07","Sunday","13:00","TB",9,"CAR",0,"Home",-9,9,0,"2024010705",59431,NA,"202401070car",NA,"401547640",NA,7,7,-245,200,-5,-105,-115,36.5,-110,-110,1,"outdoors","grass",54,19,"00-0034855","00-0039150","Baker Mayfield","Bryce Young","Todd Bowles","Chris Tabor","Clete Blakeman","CAR00","Bank of America Stadium"
"2023_18_CLE_CIN",2023,"REG",18,"2024-01-07","Sunday","13:00","CLE",14,"CIN",31,"Home",17,45,0,"2024010701",59432,NA,"202401070cin",NA,"401547641",NA,10,7,285,-360,7.5,-115,-105,37,-112,-108,1,"outdoors","fieldturf",38,12,"00-0032436","00-0035100","Jeff Driskel","Jake Browning","Kevin Stefanski","Zac Taylor","Alan Eck","CIN00","Paycor Stadium"
"2023_18_MIN_DET",2023,"REG",18,"2024-01-07","Sunday","13:00","MIN",20,"DET",30,"Home",10,50,0,"2024010703",59433,NA,"202401070det",NA,"401547642",NA,7,8,170,-205,3.5,-102,-118,47.5,-110,-110,1,"dome","fieldturf",NA,NA,"00-0033319","00-0033106","Nick Mullens","Jared Goff","Kevin O'Connell","Dan Campbell","Brad Rogers","DET00","Ford Field"
"2023_18_NYJ_NE",2023,"REG",18,"2024-01-07","Sunday","13:00","NYJ",17,"NE",3,"Home",-14,20,0,"2024010704",59439,NA,"202401070nwe",NA,"401547648",NA,10,7,120,-142,2.5,-112,-108,28.5,-110,-110,1,"outdoors","fieldturf",33,14,"00-0032156","00-0038108","Trevor Siemian","Bailey Zappe","Robert Saleh","Bill Belichick","Land Clark","BOS00","Gillette Stadium"
"2023_18_ATL_NO",2023,"REG",18,"2024-01-07","Sunday","13:00","ATL",17,"NO",48,"Home",31,65,0,"2024010700",59440,NA,"202401070nor",NA,"401547649",NA,7,7,145,-175,3.5,-122,102,41.5,-108,-112,1,"dome","sportturf",NA,NA,"00-0038122","00-0031280","Desmond Ridder","Derek Carr","Arthur Smith","Dennis Allen","John Hussey","NOR00","Mercedes-Benz Superdome"
"2023_18_JAX_TEN",2023,"REG",18,"2024-01-07","Sunday","13:00","JAX",20,"TEN",28,"Home",8,48,0,"2024010702",59443,NA,"202401070oti",NA,"401547652",NA,7,7,-185,154,-3.5,-102,-118,41.5,-112,-108,1,"outdoors","grass",41,11,"00-0036971","00-0029701","Trevor Lawrence","Ryan Tannehill","Doug Pederson","Mike Vrabel","Tra Blake","NAS00","Nissan Stadium"
"2023_18_SEA_ARI",2023,"REG",18,"2024-01-07","Sunday","16:25","SEA",21,"ARI",20,"Home",-1,41,0,"2024010712",59429,NA,"202401070crd",NA,"401547638",NA,7,7,-155,130,-2.5,-122,102,48,-110,-110,1,"closed","grass",NA,NA,"00-0030565","00-0035228","Geno Smith","Kyler Murray","Pete Carroll","Jonathan Gannon","Adrian Hill","PHO00","State Farm Stadium"
"2023_18_CHI_GB",2023,"REG",18,"2024-01-07","Sunday","16:25","CHI",9,"GB",17,"Home",8,26,0,"2024010706",59434,NA,"202401070gnb",NA,"401547643",NA,7,7,124,-148,2.5,-102,-118,45.5,-108,-112,1,"outdoors","grass",34,7,"00-0036945","00-0036264","Justin Fields","Jordan Love","Matt Eberflus","Matt LaFleur","Carl Cheffers","GNB00","Lambeau Field"
"2023_18_KC_LAC",2023,"REG",18,"2024-01-07","Sunday","16:25","KC",13,"LAC",12,"Home",-1,25,0,"2024010709",59436,NA,"202401070sdg",NA,"401547645",NA,7,7,154,-185,3.5,-115,-105,35,-108,-115,1,"dome","matrixturf",NA,NA,"00-0027948","00-0035282","Blaine Gabbert","Easton Stick","Andy Reid","Giff Smith","Scott Novak","LAX01","SoFi Stadium"
"2023_18_DEN_LV",2023,"REG",18,"2024-01-07","Sunday","16:25","DEN",14,"LV",27,"Home",13,41,0,"2024010708",59437,NA,"202401070rai",NA,"401547646",NA,7,7,145,-175,3.5,-118,-102,37.5,-115,-105,1,"dome","grass",NA,NA,"00-0035264","00-0038579","Jarrett Stidham","Aidan O'Connell","Sean Payton","Antonio Pierce","Shawn Hochuli","VEG00","Allegiant Stadium"
"2023_18_PHI_NYG",2023,"REG",18,"2024-01-07","Sunday","16:25","PHI",10,"NYG",27,"Home",17,37,0,"2024010711",59441,NA,"202401070nyg",NA,"401547650",NA,7,7,-238,190,-4.5,-112,-108,43,-105,-115,1,"outdoors","fieldturf",36,12,"00-0036389","00-0028118","Jalen Hurts","Tyrod Taylor","Nick Sirianni","Brian Daboll","Craig Wrolstad","NYC01","MetLife Stadium"
"2023_18_LA_SF",2023,"REG",18,"2024-01-07","Sunday","16:25","LA",21,"SF",20,"Home",-1,41,0,"2024010710",59442,NA,"202401070sfo",NA,"401547651",NA,7,7,200,-245,5.5,-108,-112,40,-108,-112,1,"outdoors","grass",52,11,"00-0032950","00-0034869","Carson Wentz","Sam Darnold","Sean McVay","Kyle Shanahan","Clay Martin","SFO01","Levi's Stadium"
"2023_18_DAL_WAS",2023,"REG",18,"2024-01-07","Sunday","16:25","DAL",38,"WAS",10,"Home",-28,48,0,"2024010707",59444,NA,"202401070was",NA,"401547653",NA,8,7,-850,575,-13,-115,-105,47.5,-110,-110,1,"outdoors","grass",48,13,"00-0033077","00-0037077","Dak Prescott","Sam Howell","Mike McCarthy","Ron Rivera","Shawn Smith","WAS00","FedExField"
"2023_18_BUF_MIA",2023,"REG",18,"2024-01-07","Sunday","20:20","BUF",21,"MIA",14,"Home",-7,35,0,"2024010713",59438,NA,"202401070mia",NA,"401547647",NA,7,7,-155,130,-2.5,-125,105,47.5,-110,-110,1,"outdoors","grass",63,6,"00-0034857","00-0036212","Josh Allen","Tua Tagovailoa","Sean McDermott","Mike McDaniel","Alex Kemp","MIA00","Hard Rock Stadium"
"2023_19_CLE_HOU",2023,"WC",19,"2024-01-13","Saturday","16:30","CLE",14,"HOU",45,"Home",31,59,0,"2024011300",59494,NA,"202401130htx",NA,"401547749",NA,6,7,-148,124,-2.5,-110,-110,45,-105,-115,0,"closed","astroturf",NA,NA,"00-0026158","00-0039163","Joe Flacco","C.J. Stroud","Kevin Stefanski","DeMeco Ryans","Clay Martin","HOU00","NRG Stadium"
"2023_19_MIA_KC",2023,"WC",19,"2024-01-13","Saturday","20:00","MIA",7,"KC",26,"Home",19,33,0,"2024011301",59495,NA,"202401130kan",NA,"401547750",NA,6,6,190,-230,4.5,-102,-118,43.5,-118,-102,0,"outdoors","grass",-4,19,"00-0036212","00-0033873","Tua Tagovailoa","Patrick Mahomes","Mike McDaniel","Andy Reid","Brad Rogers","KAN00","GEHA Field at Arrowhead Stadium"
"2023_19_GB_DAL",2023,"WC",19,"2024-01-14","Sunday","16:30","GB",48,"DAL",32,"Home",-16,80,0,"2024011401",59497,NA,"202401140dal",NA,"401547752",NA,7,7,275,-345,7,102,-122,52.5,-105,-115,0,"closed","matrixturf",NA,NA,"00-0036264","00-0033077","Jordan Love","Dak Prescott","Matt LaFleur","Mike McCarthy","Ron Torbert","DAL00","AT&T Stadium"
"2023_19_LA_DET",2023,"WC",19,"2024-01-14","Sunday","20:00","LA",23,"DET",24,"Home",1,47,0,"2024011402",59498,NA,"202401140det",NA,"401547753",NA,7,7,136,-162,3.5,-122,102,52.5,-102,-118,0,"dome","fieldturf",NA,NA,"00-0026498","00-0033106","Matthew Stafford","Jared Goff","Sean McVay","Dan Campbell","Craig Wrolstad","DET00","Ford Field"
"2023_19_PIT_BUF",2023,"WC",19,"2024-01-15","Monday","16:30","PIT",17,"BUF",31,"Home",14,48,0,"2024011501",59496,NA,"202401150buf",NA,"401547751",NA,9,8,370,-485,10,-108,-112,39.5,-115,-105,0,"outdoors","a_turf",17,10,"00-0034771","00-0034857","Mason Rudolph","Josh Allen","Mike Tomlin","Sean McDermott","Carl Cheffers","BUF00","New Era Field"
"2023_19_PHI_TB",2023,"WC",19,"2024-01-15","Monday","20:00","PHI",9,"TB",32,"Home",23,41,0,"2024011500",59499,NA,"202401150tam",NA,"401547754",NA,8,8,-162,136,-2.5,-125,105,43,-102,-118,0,"outdoors","grass",65,2,"00-0036389","00-0034855","Jalen Hurts","Baker Mayfield","Nick Sirianni","Todd Bowles","Adrian Hill","TAM00","Raymond James Stadium"
"2023_20_HOU_BAL",2023,"DIV",20,"2024-01-20","Saturday","16:30","HOU",10,"BAL",34,"Home",24,44,0,"2024012000",59500,NA,"202401200rav",NA,"401547755",NA,7,14,330,-425,10,-115,-105,44,-105,-115,0,"outdoors","grass",27,16,"00-0039163","00-0034796","C.J. Stroud","Lamar Jackson","DeMeco Ryans","John Harbaugh","John Hussey","BAL00","M&T Bank Stadium"
"2023_20_GB_SF",2023,"DIV",20,"2024-01-20","Saturday","20:15","GB",21,"SF",24,"Home",3,45,0,"2024012001",59501,NA,"202401200sfo",NA,"401547756",NA,6,13,360,-470,10.5,-112,-108,50.5,-105,-115,0,"outdoors","grass",59,8,"00-0036264","00-0037834","Jordan Love","Brock Purdy","Matt LaFleur","Kyle Shanahan","Alex Kemp","SFO01","Levi's Stadium"
"2023_20_TB_DET",2023,"DIV",20,"2024-01-21","Sunday","15:00","TB",23,"DET",31,"Home",8,54,0,"2024012100",59502,NA,"202401210det",NA,"401547757",NA,6,7,225,-278,6,-102,-118,49.5,-105,-115,0,"dome","fieldturf",NA,NA,"00-0034855","00-0033106","Baker Mayfield","Jared Goff","Todd Bowles","Dan Campbell","Bill Vinovich","DET00","Ford Field"
"2023_20_KC_BUF",2023,"DIV",20,"2024-01-21","Sunday","18:30","KC",27,"BUF",24,"Home",-3,51,0,"2024012101",59503,NA,"202401210buf",NA,"401547758",NA,8,6,120,-142,2.5,-110,-110,45.5,-108,-112,0,"outdoors","a_turf",25,11,"00-0033873","00-0034857","Patrick Mahomes","Josh Allen","Andy Reid","Sean McDermott","Shawn Hochuli","BUF00","New Era Field"
"2023_21_KC_BAL",2023,"CON",21,"2024-01-28","Sunday","15:00","KC",17,"BAL",10,"Home",-7,27,0,"2024012800",59504,NA,"202401280rav",NA,"401547379",NA,7,8,180,-218,4.5,-110,-112,44,-105,-115,0,"outdoors","grass",47,7,"00-0033873","00-0034796","Patrick Mahomes","Lamar Jackson","Andy Reid","John Harbaugh","Shawn Smith","BAL00","M&T Bank Stadium"
"2023_21_DET_SF",2023,"CON",21,"2024-01-28","Sunday","18:30","DET",31,"SF",34,"Home",3,65,0,"2024012801",59505,NA,"202401280sfo",NA,"401547380",NA,7,8,260,-325,7.5,-120,100,52.5,-110,-110,0,"outdoors","grass",69,5,"00-0033106","00-0037834","Jared Goff","Brock Purdy","Dan Campbell","Kyle Shanahan","Clete Blakeman","SFO01","Levi's Stadium"
"2023_22_SF_KC",2023,"SB",22,"2024-02-11","Sunday","18:30","SF",22,"KC",25,"Neutral",3,47,1,"2024021100",59506,NA,"202402110kan",NA,"401547378",NA,14,14,-120,100,-1.5,-110,-110,47,-110,-110,0,"dome","grass",NA,NA,"00-0037834","00-0033873","Brock Purdy","Patrick Mahomes","Kyle Shanahan","Andy Reid","Bill Vinovich","VEG00","Allegiant Stadium"
